time,concentration
0.0,0.0
0.1,0.026580537190698722
0.2,0.05303373213464366
0.3,0.07936008559839579
0.4,0.10556009647309669
0.5,0.13163426178140497
0.6,0.15758307668438884
0.7,0.18340703448840112
0.8,0.20910662665193253
0.9,0.23468234279243344
1.0,0.2601346706931117
1.1,0.28546409630971026
1.2,0.31067110377725066
1.3,0.3357561754167657
1.4,0.36071979174198826
1.5,0.3855624314660378
1.6,0.41028457150806186
1.7,0.43488668699986444
1.8,0.4593692512925141
1.9,0.48373273596290883
2.0,0.5079776108203422
2.1,0.532104343913022
2.2,0.556113401534581
2.3,0.5800052482305562
2.4,0.6037803468048476
2.5,0.6274391583261495
2.6,0.6509821421343636
2.7,0.6744097558469793
2.8,0.6977224553654445
2.9,0.7209206948815006
3.0,0.7440049268834945
3.1,0.766975602162682
3.2,0.7898331698194874
3.3,0.8125780772697552
3.4,0.835210770250973
3.5,0.8577316928284725
3.6,0.880141287401605
3.7,0.9024399947099021
3.8,0.9246282538392048
3.9,0.9467065022277678
4.0,0.9686751756723623
4.1,0.9905347083343247
4.2,1.012285532745609
4.3,1.0339280798148078
4.4,1.0554627788331457
4.5,1.0768900574804596
4.6,1.098210341831151
4.7,1.1194240563601197
4.8,1.1405316239486776
4.9,1.1615334658904304
5.0,1.1824300018971494
5.1,1.2032216501046227
5.2,1.22390882707847
5.3,1.244491947819947
5.4,1.2649714257717342
5.5,1.28534767282369
5.6,1.3056210993185915
5.7,1.3257921140578544
5.8,1.3458611243072303
5.9,1.3658285358024753
6.0,1.3856947527550205
6.1,1.4054601778575855
6.2,1.4251252122898115
6.3,1.4446902557238415
6.4,1.464155706329899
6.5,1.4835219607818388
6.6,1.5027894142626739
6.7,1.5219584604700953
6.8,1.5410294916219525
6.9,1.560002898461734
7.0,1.578879070264012
7.1,1.5976583948398708
7.2,1.6163412585423242
7.3,1.634928046271703
7.4,1.6534191414810222
7.5,1.671814926181337
7.6,1.6901157809470706
7.7,1.7083220849213305
7.8,1.7264342158211938
7.9,1.7444525499429877
8.0,1.7623774621675334
8.1,1.7802093259653897
8.2,1.7979485134020612
8.3,1.8155953951431996
8.4,1.8331503404597713
8.5,1.8506137172332247
8.6,1.8679858919606198
8.7,1.8852672297597568
8.8,1.9024580943742675
8.9,1.919558848178704
9.0,1.9365698521835977
9.1,1.9534914660405078
9.2,1.970324048047042
9.3,1.9870679551518706
9.4,2.0037235429597104
9.5,2.020291165736297
9.6,2.0367711764133394
9.7,2.0531639265934483
9.8,2.069469766555061
9.9,2.0856890452573333
10.0,2.1018221103450174
10.1,2.1178693081533324
10.2,2.133830983712799
10.3,2.149707480754075
10.4,2.1654991417127536
10.5,2.181206307734163
10.6,2.196829318678139
10.7,2.212368513123771
10.8,2.2278242283741547
10.9,2.2431968004611
11.0,2.2584865641498437
11.1,2.273693852943728
11.2,2.288818999088877
11.3,2.303862333578843
11.4,2.31882418615924
11.5,2.3337048853323674
11.6,2.348504758361805
11.7,2.3632241312769975
11.8,2.377863328877822
11.9,2.392422674739143
12.0,2.406902491215332
12.1,2.4213030994448004
12.2,2.435624819354486
12.3,2.449867969664346
12.4,2.4640328678918157
12.5,2.478119830356264
12.6,2.492129172183429
12.7,2.50606120730983
12.8,2.5199162484871738
12.9,2.5336946072867352
13.0,2.5473965941037298
13.1,2.5610225181616686
13.2,2.574572687516689
13.3,2.5880474090618817
13.4,2.6014469885315936
13.5,2.614771730505713
13.6,2.6280219384139536
13.7,2.6411979145401
13.8,2.6542999600262585
13.9,2.667328374877081
14.0,2.6802834579639714
14.1,2.693165507029292
14.2,2.7059748186905335
14.3,2.718711688444481
14.4,2.7313764106713676
14.5,2.743969278639007
14.6,2.756490584506909
14.7,2.7689406193303876
14.8,2.7813196730646466
14.9,2.7936280345688527
15.0,2.8058659916101996
15.1,2.818033830867944
15.2,2.830131837937438
15.3,2.8421602973341447
15.4,2.8541194924976336
15.5,2.866009705795567
15.6,2.8778312185276693
15.7,2.889584310929683
15.8,2.9012692621773084
15.9,2.9128863503901288
16.0,2.924435852635526
16.1,2.935918044932571
16.2,2.9473332022559124
16.3,2.9586815985396426
16.4,2.969963506681152
16.5,2.981179198544973
16.6,2.9923289449665984
16.7,3.0034130157563013
16.8,3.014431679702925
16.9,3.025385204577678
17.0,3.0362738571378904
17.1,3.047097903130781
17.2,3.057857607297197
17.3,3.068553233375335
17.4,3.0791850441044692
17.5,3.0897533012286402
17.6,3.10025826550035
17.7,3.11070019668423
17.8,3.1210793535607104
17.9,3.1313959939296585
18.0,3.141650374614013
18.1,3.1518427514634118
18.2,3.161973379357786
18.3,3.1720425122109708
18.4,3.182050402974268
18.5,3.191997303640022
18.6,3.2018834652451766
18.7,3.2117091378748057
18.8,3.2214745706656562
18.9,3.231180011809647
19.0,3.24082570855738
19.1,3.250411907221629
19.2,3.2599388531808127
19.3,3.2694067908824604
19.4,3.2788159638466605
19.5,3.288166614669503
19.6,3.2974589850264966
19.7,3.3066933156759917
19.8,3.3158698464625713
19.9,3.3249888163204466
20.0,3.3340504632768226
20.1,3.3430550244552717
20.2,3.3520027360790756
20.3,3.3608938334745657
20.4,3.3697285510744543
20.5,3.378507122421136
20.6,3.387229780170003
20.7,3.395896756092722
20.8,3.404508281080521
20.9,3.413064585147444
21.0,3.4215658974336174
21.1,3.430012446208479
21.2,3.4384044588740084
21.3,3.4467421619679524
21.4,3.4550257811670213
21.5,3.4632555412900876
21.6,3.4714316663013656
21.7,3.4795543793135817
21.8,3.487623902591133
21.9,3.4956404575532325
22.0,3.503604264777048
22.1,3.5115155440008214
22.2,3.5193745141269814
22.3,3.527181393225249
22.4,3.534936398535718
22.5,3.542639746471944
22.6,3.5502916526239967
22.7,3.5578923317615296
22.8,3.5654419978368144
22.9,3.5729408639877747
23.0,3.580389142541016
23.1,3.5877870450148217
23.2,3.5951347821221664
23.3,3.602432563773694
23.4,3.609680599080702
23.5,3.616879096358101
23.6,3.6240282631273795
23.7,3.6311283061195407
23.8,3.638179431278035
23.9,3.6451818437616916
24.0,3.652135747947621
24.1,3.659041347434124
24.2,3.6658988450435768
24.3,3.672708442825314
24.4,3.679470342058498
24.5,3.686184743254975
24.6,3.6928518461621302
24.7,3.6994718497657164
24.8,3.7060449522926877
24.9,3.712571351214014
25.0,3.719051243247491
25.1,3.7254848243605316
25.2,3.731872289772955
25.3,3.7382138339597613
25.4,3.7445096506538955
25.5,3.750759932849009
25.6,3.7569648728021967
25.7,3.7631246620367365
25.8,3.7692394913448135
25.9,3.7753095507902374
26.0,3.7813350297111405
26.1,3.787316116722681
26.2,3.793252999719722
26.3,3.7991458658795083
26.4,3.8049949016643336
26.5,3.810800292824194
26.6,3.8165622243994366
26.7,3.8222808807233903
26.8,3.8279564454249937
26.9,3.833589101431417
27.0,3.8391790309706604
27.1,3.8447264155741605
27.2,3.8502314360793695
27.3,3.8556942726323404
27.4,3.861115104690289
27.5,3.866494111024158
27.6,3.8718314697211684
27.7,3.8771273581873564
27.8,3.8823819531501003
27.9,3.8875954306606526
28.0,3.892767966096645
28.1,3.8978997341645956
28.2,3.902990908902398
28.3,3.908041663681811
28.4,3.9130521712109316
28.5,3.918022603536663
28.6,3.9229531320471698
28.7,3.9278439274743318
28.8,3.9326951598961726
28.9,3.937506998739304
29.0,3.942279612781334
29.1,3.947013170153291
29.2,3.9517078383420183
29.3,3.9563637841925745
29.4,3.9609811739106155
29.5,3.965560173064776
29.6,3.970100946589034
29.7,3.9746036587850715
29.8,3.9790684733246255
29.9,3.9834955532518324
30.0,3.9878850609855605
30.1,3.992237158321731
30.2,3.9965520064356412
30.3,4.000829765884267
30.4,4.005070596608565
30.5,4.009274657935768
30.6,4.013442108581654
30.7,4.017573106652835
30.8,4.0216678096490135
30.9,4.025726374465248
31.0,4.029748957394191
31.1,4.033735714128339
31.2,4.037686799762261
31.3,4.041602368794827
31.4,4.045482575131416
31.5,4.049327572086134
31.6,4.053137512384003
31.7,4.056912548163163
31.8,4.060652830977049
31.9,4.06435851179657
32.0,4.068029741012272
32.1,4.071666668436503
32.2,4.075269443305561
32.3,4.078838214281841
32.4,4.082373129455969
32.5,4.085874336348926
32.6,4.089341981914172
32.7,4.092776212539763
32.8,4.096177174050445
32.9,4.099545011709761
33.0,4.102879870222128
33.1,4.106181893734932
33.2,4.1094512258405915
33.3,4.112688009578627
33.4,4.115892387437722
33.5,4.119064501357767
33.6,4.1222044927319095
33.7,4.125312502408584
33.8,4.128388670693548
33.9,4.131433137351891
34.0,4.134446041610061
34.1,4.137427522157859
34.2,4.140377717150444
34.3,4.143296764210321
34.4,4.146184800429329
34.5,4.14904196237061
34.6,4.151868386070585
34.7,4.154664207040913
34.8,4.157429560270445
34.9,4.160164580227172
35.0,4.162869400860167
35.1,4.165544155601517
35.2,4.168188977368247
35.3,4.1708039985642404
35.4,4.17338935108215
35.5,4.175945166305307
35.6,4.17847157510961
35.7,4.180968707865427
35.8,4.183436694439466
35.9,4.185875664196665
36.0,4.1882857460020535
36.1,4.1906670682226155
36.2,4.19301975872915
36.3,4.195343944898118
36.4,4.197639753613486
36.5,4.199907311268559
36.6,4.202146743767808
36.7,4.204358176528704
36.8,4.206541734483514
36.9,4.208697542081126
37.0,4.2108257232888455
37.1,4.212926401594193
37.2,4.214999700006682
37.3,4.217045741059615
37.4,4.219064646811859
37.5,4.2210565388495995
37.6,4.223021538288118
37.7,4.224959765773545
37.8,4.226871341484603
37.9,4.228756385134359
38.0,4.230615015971949
38.1,4.232447352784324
38.2,4.2342535138979605
38.3,4.236033617180583
38.4,4.23778778004288
38.5,4.239516119440197
38.6,4.241218751874247
38.7,4.2428957933947995
38.8,4.244547359601358
38.9,4.246173565644855
39.0,4.247774526229315
39.1,4.2493503556135215
39.2,4.250901167612688
39.3,4.252427075600099
39.4,4.253928192508775
39.5,4.255404630833103
39.6,4.256856502630475
39.7,4.258283919522931
39.8,4.259686992698767
39.9,4.261065832914165
40.0,4.262420550494799
40.1,4.263751255337453
40.2,4.265058056911609
40.3,4.2663410642610495
40.4,4.267600386005444
40.5,4.2688361303419375
40.6,4.270048405046721
40.7,4.271237317476607
40.8,4.2724029745705945
40.9,4.273545482851434
41.0,4.27466494842717
41.1,4.275761476992705
41.2,4.276835173831329
41.3,4.277886143816266
41.4,4.278914491412202
41.5,4.279920320676808
41.6,4.280903735262268
41.7,4.281864838416786
41.8,4.282803732986099
41.9,4.283720521414979
42.0,4.284615305748736
42.1,4.285488187634702
42.2,4.286339268323726
42.3,4.287168648671646
42.4,4.287976429140776
42.5,4.288762709801371
42.6,4.289527590333092
42.7,4.2902711700264655
42.8,4.29099354778434
42.9,4.291694822123332
43.0,4.292375091175273
43.1,4.293034452688647
43.2,4.293673004030019
43.3,4.294290842185471
43.4,4.294888063762016
43.5,4.2954647649890205
43.6,4.296021041719617
43.7,4.296556989432106
43.8,4.29707270323136
43.9,4.297568277850224
44.0,4.298043807650898
44.1,4.2984993866263315
44.2,4.298935108401601
44.3,4.299351066235284
44.4,4.299747353020831
44.5,4.300124061287937
44.6,4.300481283203893
44.7,4.300819110574945
44.8,4.30113763484765
44.9,4.301436947110212
45.0,4.301717138093832
45.1,4.301978298174038
45.2,4.302220517372019
45.3,4.302443885355946
45.4,4.302648491442302
45.5,4.302834424597187
45.6,4.3030017734376385
45.7,4.3031506262329335
45.8,4.303281070905893
45.9,4.303393195034173
46.0,4.303487085851563
46.1,4.303562830249271
46.2,4.303620514777206
46.3,4.3036602256452525
46.4,4.303682048724551
46.5,4.303686069548759
46.6,4.30367237331532
46.7,4.303641044886715
46.8,4.303592168791727
46.9,4.303525829226686
47.0,4.303442110056712
47.1,4.303341094816956
47.2,4.30322286671384
47.3,4.303087508626284
47.4,4.302935103106936
47.5,4.302765732383391
47.6,4.302579478359413
47.7,4.302376422616144
47.8,4.302156646413316
47.9,4.301920230690451
48.0,4.301667256068066
48.1,4.301397802848868
48.2,4.301111951018943
48.3,4.300809780248939
48.4,4.3004913698952585
48.5,4.300156799001225
48.6,4.299806146298263
48.7,4.299439490207068
48.8,4.299056908838768
48.9,4.298658479996085
49.0,4.298244281174493
49.1,4.297814389563368
49.2,4.297368882047137
49.3,4.29690783520642
49.4,4.296431325319169
49.5,4.295939428361811
49.6,4.295432220010365
49.7,4.294909775641578
49.8,4.29437217033405
49.9,4.2938194788693425
50.0,4.293251775733102
50.1,4.292669135116166
50.2,4.2920716309156655
50.3,4.291459336736137
50.4,4.290832325890613
50.5,4.290190671401713
50.6,4.289534446002745
50.7,4.288863722138776
50.8,4.28817857196773
50.9,4.287479067361451
51.0,4.286765279906786
51.1,4.28603728090665
51.2,4.2852951413810985
51.3,4.284538932068382
51.4,4.283768723426006
51.5,4.282984585631786
51.6,4.282186588584899
51.7,4.281374801906931
51.8,4.280549294942912
51.9,4.279710136762364
52.0,4.278857396160326
52.1,4.277991141658398
52.2,4.2771114415057525
52.3,4.276218363680172
52.4,4.2753119758890605
52.5,4.274392345570456
52.6,4.273459539894056
52.7,4.272513625762211
52.8,4.27155466981094
52.9,4.270582738410924
53.0,4.269597897668506
53.1,4.268600213426685
53.2,4.267589751266106
53.3,4.266566576506046
53.4,4.265530754205392
53.5,4.264482349163627
53.6,4.263421425921804
53.7,4.262348048763507
53.8,4.2612622817158385
53.9,4.260164188550365
54.0,4.259053832784089
54.1,4.257931277680404
54.2,4.256796586250046
54.3,4.255649821252047
54.4,4.254491045194675
54.5,4.253320320336392
54.6,4.2521377086867735
54.7,4.250943272007463
54.8,4.249737071813094
54.9,4.248519169372222
55.0,4.247289625708254
55.1,4.246048501600367
55.2,4.244795857584424
55.3,4.243531753953901
55.4,4.242256250760787
55.5,4.2409694078164994
55.6,4.239671284692791
55.7,4.238361940722645
55.8,4.237041435001183
55.9,4.235709826386554
56.0,4.234367173500827
56.1,4.233013534730887
56.2,4.231648968229308
56.3,4.230273531915251
56.4,4.228887283475327
56.5,4.227490280364488
56.6,4.226082579806886
56.7,4.224664238796755
56.8,4.2232353140992664
56.9,4.2217958622514
57.0,4.220345939562797
57.1,4.218885602116624
57.2,4.217414905770419
57.3,4.215933906156948
57.4,4.21444265868505
57.5,4.212941218540475
57.6,4.211429640686738
57.7,4.209907979865945
57.8,4.20837629059963
57.9,4.2068346271895924
58.0,4.205283043718721
58.1,4.203721594051816
58.2,4.202150331836419
58.3,4.20056931050363
58.4,4.19897858326892
58.5,4.197378203132944
58.6,4.195768222882362
58.7,4.194148695090631
58.8,4.192519672118818
58.9,4.190881206116404
59.0,4.189233349022076
59.1,4.187576152564522
59.2,4.185909668263232
59.3,4.184233947429275
59.4,4.182549041166101
59.5,4.180855000370306
59.6,4.17915187573243
59.7,4.177439717737727
59.8,4.175718576666936
59.9,4.173988502597065
60.0,4.172249545402149
60.1,4.170501754754023
60.2,4.168745180123079
60.3,4.166979870779036
60.4,4.165205875791692
60.5,4.163423244031678
60.6,4.161632024171216
60.7,4.159832264684864
60.8,4.158024013850261
60.9,4.156207319748879
61.0,4.154382230266757
61.1,4.152548793095241
61.2,4.150707055731723
61.3,4.148857065480371
61.4,4.14699886945286
61.5,4.145132514569101
61.6,4.1432580475579615
61.7,4.141375514957995
61.8,4.1394849631181545
61.9,4.137586438198515
62.0,4.135679986170979
62.1,4.133765652819999
62.2,4.131843483743278
62.3,4.129913524352481
62.4,4.127975819873935
62.5,4.126030415349335
62.6,4.124077355636435
62.7,4.122116685409753
62.8,4.120148449161257
62.9,4.118172691201061
63.0,4.116189455658111
63.1,4.114198786480867
63.2,4.112200727437996
63.3,4.110195322119041
63.4,4.10818261393511
63.5,4.106162646119543
63.6,4.104135461728588
63.7,4.102101103642075
63.8,4.1000596145640795
63.9,4.09801103702359
64.0,4.095955413375172
64.1,4.093892785799627
64.2,4.091823196304652
64.3,4.089746686725497
64.4,4.0876632987256105
64.5,4.085573073797305
64.6,4.08347605326239
64.7,4.08137227827283
64.8,4.07926178981138
64.9,4.077144628692231
65.0,4.075020835561652
65.1,4.072890450898619
65.2,4.070753515015456
65.3,4.068610068058463
65.4,4.066460150008547
65.5,4.064303800681851
65.6,4.062141059730375
65.7,4.0599719666426015
65.8,4.0577965607441175
65.9,4.055614881198226
66.0,4.053426967006568
66.1,4.051232857009738
66.2,4.049032589887882
66.3,4.0468262041613245
66.4,4.0446137381911615
66.5,4.042395230179869
66.6,4.040170718171908
66.7,4.037940240054323
66.8,4.035703833557334
66.9,4.033461536254943
67.0,4.031213385565516
67.1,4.028959418752382
67.2,4.026699672924418
67.3,4.024434185036639
67.4,4.022162991890777
67.5,4.019886130135869
67.6,4.017603636268834
67.7,4.015315546635053
67.8,4.013021897428943
67.9,4.0107227246945305
68.0,4.008418064326027
68.1,4.006107952068396
68.2,4.003792423517915
68.3,4.001471514122752
68.4,3.9991452591835204
68.5,3.9968136938538428
68.6,3.9944768531409105
68.7,3.9921347719060365
68.8,3.989787484865218
68.9,3.987435026589681
69.0,3.9850774315064377
69.1,3.9827147338988316
69.2,3.9803469679070846
69.3,3.9779741675288425
69.4,3.975596366619719
69.5,3.97321359889383
69.6,3.9708258979243425
69.7,3.9684332971440024
69.8,3.966035829845674
69.9,3.9636335291828693
70.0,3.961226428170282
70.1,3.9588145596843143
70.2,3.9563979564636043
70.3,3.953976651109551
70.4,3.9515506760868346
70.5,3.9491200637239423
70.6,3.9466848462136834
70.7,3.944245055613707
70.8,3.941800723847018
70.9,3.939351882702491
71.0,3.936898563835379
71.1,3.934440798767826
71.2,3.9319786188893704
71.3,3.9295120554574567
71.4,3.9270411395979323
71.5,3.924565902305556
71.6,3.922086374444494
71.7,3.9196025867488173
71.8,3.917114569823
71.9,3.914622354142417
72.0,3.9121259700538293
72.1,3.90962544777588
72.2,3.9071208173995817
72.3,3.9046121088888053
72.4,3.9020993520807625
72.5,3.8995825766864924
72.6,3.8970618122913394
72.7,3.894537088355438
72.8,3.8920084342141883
72.9,3.889475879078731
73.0,3.8869394520364255
73.1,3.8843991820513217
73.2,3.8818550979646282
73.3,3.8793072284951853
73.4,3.876755602239932
73.5,3.87420024767437
73.6,3.87164119315303
73.7,3.869078466909933
73.8,3.8665120970590503
73.9,3.863942111594768
74.0,3.8613685383923326
74.1,3.8587914052083208
74.2,3.856210739681083
74.3,3.8536265693311993
74.4,3.8510389215619303
74.5,3.8484478236596664
74.6,3.8458533027943727
74.7,3.8432553860200365
74.8,3.8406541002751107
74.9,3.8380494723829566
75.0,3.835441529052284
75.1,3.8328302968775882
75.2,3.8302158023395925
75.3,3.8275980718056775
75.4,3.82497713153032
75.5,3.822353007655525
75.6,3.819725726211252
75.7,3.817095313115852
75.8,3.814461794176487
75.9,3.8118251950895616
76.0,3.8091855414411473
76.1,3.8065428587074015
76.2,3.803897172254992
76.3,3.8012485073415165
76.4,3.7985968891159207
76.5,3.7959423426189156
76.6,3.793284892783389
76.7,3.790624564434824
76.8,3.7879613822917073
76.9,3.785295370965942
77.0,3.7826265549632576
77.1,3.779954958683612
77.2,3.7772806064216042
77.3,3.7746035223668732
77.4,3.7719237306045055
77.5,3.7692412551154337
77.6,3.766556119776836
77.7,3.7638683483625375
77.8,3.7611779645434034
77.9,3.7584849918877397
78.0,3.75578945386168
78.1,3.7530913738295855
78.2,3.7503907750544294
78.3,3.747687680698194
78.4,3.744982113822251
78.5,3.7422740973877535
78.6,3.7395636542560196
78.7,3.7368508071889166
78.8,3.734135578849243
78.9,3.7314179918011097
79.0,3.7286980685103193
79.1,3.7259758313447455
79.2,3.7232513025747087
79.3,3.720524504373351
79.4,3.717795458817011
79.5,3.715064187885598
79.6,3.71233071346296
79.7,3.709595057337254
79.8,3.706857241201317
79.9,3.7041172866530316
80.0,3.701375215195691
80.1,3.6986310482383633
80.2,3.6958848070962556
80.3,3.6931365129910763
80.4,3.6903861870513923
80.5,3.6876338503129915
80.6,3.684879523719238
80.7,3.6821232281214282
80.8,3.679364984279149
80.9,3.6766048128606275
81.0,3.6738427344430855
81.1,3.6710787695130898
81.2,3.668312938466901
81.3,3.6655452616108266
81.4,3.662775759161559
81.5,3.660004451246531
81.6,3.6572313579042537
81.7,3.654456499084664
81.8,3.651679894649463
81.9,3.648901564372459
82.0,3.646121527939905
82.1,3.6433398049508408
82.2,3.640556414917423
82.3,3.63777137726527
82.4,3.634984711333785
82.5,3.6321964363765002
82.6,3.629406571561402
82.7,3.6266151359712633
82.8,3.623822148603971
82.9,3.621027628372861
83.0,3.618231594107035
83.1,3.615434064551695
83.2,3.6126350583684643
83.3,3.6098345941357093
83.4,3.6070326903488636
83.5,3.60422936542075
83.6,3.6014246376818977
83.7,3.5986185253808616
83.8,3.595811046684542
83.9,3.5930022196784943
84.0,3.5901920623672545
84.1,3.5873805926746423
84.2,3.5845678284440803
84.3,3.581753787438903
84.4,3.578938487342667
84.5,3.5761219457594615
84.6,3.5733041802142176
84.7,3.570485208153008
84.8,3.567665046943363
84.9,3.5648437138745677
85.0,3.562021226157968
85.1,3.55919760092727
85.2,3.5563728552388487
85.3,3.553547006072039
85.4,3.55072007032944
85.5,3.547892064837212
85.6,3.5450630063453716
85.7,3.542232911528089
85.8,3.539401796983981
85.9,3.5365696792364067
86.0,3.5337365747337586
86.1,3.530902499849751
86.2,3.528067470883714
86.3,3.525231504060882
86.4,3.52239461553268
86.5,3.519556821377012
86.6,3.5167181375985446
86.7,3.5138785801289956
86.8,3.511038164827413
86.9,3.5081969074804613
87.0,3.505354823802702
87.1,3.5025119294368725
87.2,3.4996682399541683
87.3,3.496823770854521
87.4,3.4939785375668695
87.5,3.4911325554494486
87.6,3.4882858397900525
87.7,3.4854384058063155
87.8,3.4825902686459838
87.9,3.479741443387188
88.0,3.4768919450387115
88.1,3.4740417885402657
88.2,3.4711909887627566
88.3,3.4683395605085514
88.4,3.465487518511748
88.5,3.46263487743844
88.6,3.4597816518869853
88.7,3.4569278563882624
88.8,3.454073505405944
88.9,3.4512186133367497
89.0,3.448363194510713
89.1,3.4455072631914407
89.2,3.442650833576371
89.3,3.439793919797033
89.4,3.4369365359193016
89.5,3.4340786959436578
89.6,3.4312204138054416
89.7,3.428361703375106
89.8,3.4255025784584734
89.9,3.422643052796985
90.0,3.419783140067954
90.1,3.416922853884817
90.2,3.4140622077973832
90.3,3.4112012152920803
90.4,3.408339889792209
90.5,3.4054782446581835
90.6,3.40261629318778
90.7,3.399754048616384
90.8,3.3968915241172324
90.9,3.394028732801654
91.0,3.3911656877193175
91.1,3.3883024018584695
91.2,3.3854388881461768
91.3,3.3825751594485647
91.4,3.379711228571056
91.5,3.376847108258609
91.6,3.373982811195956
91.7,3.371118350007838
91.8,3.3682537372592383
91.9,3.3653889854556205
92.0,3.3625241070431597
92.1,3.3596591144089767
92.2,3.356794019881366
92.3,3.3539288357300316
92.4,3.351063574166314
92.5,3.3481982473434195
92.6,3.345332867356649
92.7,3.342467446243629
92.8,3.3396019959845287
92.9,3.3367365285022963
93.0,3.3338710556628772
93.1,3.3310055892754407
93.2,3.3281401410926033
93.3,3.325274722810649
93.4,3.322409346069754
93.5,3.3195440224542048
93.6,3.3166787634926185
93.7,3.3138135806581634
93.8,3.3109484853687747
93.9,3.3080834889873754
94.0,3.3052186028220896
94.1,3.3023538381264603
94.2,3.299489206099662
94.3,3.2966247178867194
94.4,3.2937603845787153
94.5,3.290896217213008
94.6,3.2880322267734394
94.7,3.285168424190548
94.8,3.2823048203417784
94.9,3.279441426051692
95.0,3.2765782520921736
95.1,3.2737153091826396
95.2,3.270852607990248
95.3,3.2679901591300995
95.4,3.265127973165447
95.5,3.262266060607902
95.6,3.259404431917631
95.7,3.2565430975035654
95.8,3.253682067723604
95.9,3.250821352884811
96.0,3.2479609632436177
96.1,3.2451009090060263
96.2,3.242241200327805
96.3,3.239381847314689
96.4,3.2365228600225766
96.5,3.233664248457729
96.6,3.230806022576966
96.7,3.22794819228786
96.8,3.225090767448931
96.9,3.2222337578698443
97.0,3.2193771733116003
97.1,3.2165210234867283
97.2,3.2136653180594807
97.3,3.2108100666460215
97.4,3.2079552788146164
97.5,3.205100964085827
97.6,3.2022471319326975
97.7,3.1993937917809396
97.8,3.196540953009127
97.9,3.193688624948879
98.0,3.1908368168850463
98.1,3.1879855380558966
98.2,3.185134797653302
98.3,3.1822846048229207
98.4,3.179434968664382
98.5,3.1765858982314708
98.6,3.1737374025323053
98.7,3.1708894905295204
98.8,3.168042171140453
98.9,3.165195453237315
99.0,3.1623493456473786
99.1,3.15950385715315
99.2,3.1566589964925544
99.3,3.1538147723591057
99.4,3.1509711934020883
99.5,3.1481282682267326
99.6,3.1452860053943894
99.7,3.142444413422705
99.8,3.1396035007857965
99.9,3.1367632759144226
100.0,3.1339237471961594
100.1,3.1310849229755733
100.2,3.128246811554386
100.3,3.125409421191655
100.4,3.1225727601039353
100.5,3.119736836465457
100.6,3.1169016584082856
100.7,3.1140672340224977
100.8,3.111233571356345
100.9,3.1084006784164218
101.0,3.1055685631678336
101.1,3.1027372335343593
101.2,3.09990669739862
101.3,3.0970769626022405
101.4,3.0942480369460172
101.5,3.0914199281900774
101.6,3.088592644054042
101.7,3.0857661922171933
101.8,3.0829405803186303
101.9,3.080115815957432
102.0,3.0772919066928175
102.1,3.074468860044307
102.2,3.0716466834918794
102.3,3.068825384476129
102.4,3.066004970398429
102.5,3.063185448621083
102.6,3.0603668264674857
102.7,3.0575491112222757
102.8,3.0547323101314947
102.9,3.051916430402739
103.0,3.0491014792053157
103.1,3.046287463670399
103.2,3.043474390891175
103.3,3.040662267923006
103.4,3.037851101783574
103.5,3.035040899453032
103.6,3.0322316678741634
103.7,3.0294234139525225
103.8,3.02661614455659
103.9,3.02380986651792
104.0,3.0210045866312893
104.1,3.0182003116548466
104.2,3.0153970483102577
104.3,3.0125948032828553
104.4,3.0097935832217817
104.5,3.0069933947401384
104.6,3.00419424441513
104.7,3.0013961387882078
104.8,2.998599084365216
104.9,2.995803087616534
105.0,2.9930081549772196
105.1,2.990214292847154
105.2,2.9874215075911796
105.3,2.984629805539246
105.4,2.9818391929865458
105.5,2.9790496761936627
105.6,2.9762612613867017
105.7,2.9734739547574387
105.8,2.97068776246345
105.9,2.9679026906282573
106.0,2.9651187453414636
106.1,2.9623359326588883
106.2,2.9595542586027084
106.3,2.9567737291615894
106.4,2.9539943502908277
106.5,2.951216127912478
106.6,2.9484390679154946
106.7,2.945663176155862
106.8,2.9428884584567316
106.9,2.94011492060855
107.0,2.9373425683692
107.1,2.9345714074641207
107.2,2.9318014435864517
107.3,2.929032682397158
107.4,2.926265129525158
107.5,2.9234987905674625
107.6,2.920733671089295
107.7,2.9179697766242265
107.8,2.9152071126743047
107.9,2.9124456847101765
108.0,2.909685498171225
108.1,2.9069265584656874
108.2,2.9041688709707865
108.3,2.9014124410328592
108.4,2.898657273967477
108.5,2.895903375059576
108.6,2.8931507495635795
108.7,2.8903994027035202
108.8,2.8876493396731715
108.9,2.8849005656361633
109.0,2.882153085726109
109.1,2.8794069050467272
109.2,2.876662028671963
109.3,2.873918461646112
109.4,2.8711762089839397
109.5,2.868435275670799
109.6,2.8656956666627593
109.7,2.862957386886717
109.8,2.860220441240522
109.9,2.8574848345930897
110.0,2.8547505717845256
110.1,2.852017657626242
110.2,2.8492860969010705
110.3,2.8465558943633873
110.4,2.8438270547392226
110.5,2.8410995827263816
110.6,2.838373482994558
110.7,2.8356487601854505
110.8,2.8329254189128763
110.9,2.8302034637628877
111.0,2.8274828992938823
111.1,2.8247637300367217
111.2,2.8220459604948416
111.3,2.8193295951443655
111.4,2.8166146384342157
111.5,2.8139010947862255
111.6,2.8111889685952547
111.7,2.8084782642292945
111.8,2.8057689860295802
111.9,2.803061138310705
112.0,2.8003547253607253
112.1,2.797649751441271
112.2,2.7949462207876583
112.3,2.792244137608991
112.4,2.7895435060882767
112.5,2.7868443303825274
112.6,2.784146614622873
112.7,2.781450362914662
112.8,2.7787555793375747
112.9,2.7760622679457243
113.0,2.7733704327677637
113.1,2.7706800778069915
113.2,2.7679912070414576
113.3,2.7653038244240666
113.4,2.762617933882682
113.5,2.7599335393202287
113.6,2.7572506446148
113.7,2.7545692536197555
113.8,2.75188937016383
113.9,2.749210998051228
114.0,2.7465341410617308
114.1,2.7438588029507995
114.2,2.7411849874496674
114.3,2.73851269826545
114.4,2.73584193908124
114.5,2.7331727135562103
114.6,2.730505025325709
114.7,2.7278388780013634
114.8,2.7251742751711743
114.9,2.722511220399619
115.0,2.7198497172277447
115.1,2.7171897691732703
115.2,2.7145313797306785
115.3,2.711874552371317
115.4,2.7092192905434938
115.5,2.7065655976725744
115.6,2.7039134771610733
115.7,2.7012629323887536
115.8,2.6986139667127214
115.9,2.6959665834675186
116.0,2.6933207859652195
116.1,2.6906765774955215
116.2,2.6880339613258433
116.3,2.6853929407014134
116.4,2.6827535188453666
116.5,2.680115698958834
116.6,2.6774794842210374
116.7,2.6748448777893774
116.8,2.672211882799531
116.9,2.669580502365536
117.0,2.6669507395798844
117.1,2.664322597513617
117.2,2.661696079216407
117.3,2.6590711877166506
117.4,2.6564479260215625
117.5,2.653826297117257
117.6,2.6512063039688423
117.7,2.6485879495205067
117.8,2.6459712366956065
117.9,2.643356168396753
118.0,2.640742747505903
118.1,2.6381309768844416
118.2,2.635520859373273
118.3,2.6329123977929036
118.4,2.6303055949435294
118.5,2.627700453605122
118.6,2.6250969765375123
118.7,2.6224951664804803
118.8,2.6198950261538316
118.9,2.6172965582574896
119.0,2.6146997654715762
119.1,2.612104650456496
119.2,2.609511215853018
119.3,2.6069194642823623
119.4,2.604329398346281
119.5,2.6017410206271387
119.6,2.5991543336879985
119.7,2.5965693400727012
119.8,2.5939860423059486
119.9,2.591404442893382
120.0,2.5888245443216658
120.1,2.5862463490585683
120.2,2.58366985955304
120.3,2.5810950782352937
120.4,2.578522007516886
120.5,2.5759506497907956
120.6,2.573381007431503
120.7,2.5708130827950675
120.8,2.5682468782192074
120.9,2.5656823960233788
121.0,2.563119638508851
121.1,2.5605586079587863
121.2,2.5579993066383175
121.3,2.5554417367946205
121.4,2.5528859006569986
121.5,2.5503318004369513
121.6,2.547779438328256
121.7,2.545228816507041
121.8,2.542679937131861
121.9,2.540132802343773
122.0,2.537587414266413
122.1,2.5350437750060664
122.2,2.532501886651746
122.3,2.5299617512752666
122.4,2.527423370931314
122.5,2.524886747657524
122.6,2.522351883474553
122.7,2.5198187803861507
122.8,2.517287440379234
122.9,2.5147578654239573
123.0,2.51223005747379
123.1,2.509704018465579
123.2,2.5071797503196303
123.3,2.5046572549397736
123.4,2.502136534213438
123.5,2.499617590011715
123.6,2.4971004241894392
123.7,2.4945850385852517
123.8,2.4920714350216717
123.9,2.4895596153051676
124.0,2.487049581226223
124.1,2.4845413345594105
124.2,2.482034877063456
124.3,2.4795302104813115
124.4,2.4770273365402184
124.5,2.4745262569517816
124.6,2.4720269734120324
124.7,2.469529487601499
124.8,2.4670338011852717
124.9,2.4645399158130705
125.0,2.4620478331193154
125.1,2.4595575547231863
125.2,2.4570690822286947
125.3,2.4545824172247475
125.4,2.452097561285213
125.5,2.449614515968987
125.6,2.4471332828200576
125.7,2.4446538633675687
125.8,2.442176259125889
125.9,2.439700471594672
126.0,2.4372265022589215
126.1,2.4347543525890583
126.2,2.432284024040979
126.3,2.429815518056126
126.4,2.427348836061543
126.5,2.4248839794699455
126.6,2.422420949679779
126.7,2.4199597480752826
126.8,2.417500376026551
126.9,2.4150428348895994
127.0,2.4125871260064202
127.1,2.4101332507050497
127.2,2.407681210299625
127.3,2.405231006090449
127.4,2.402782639364049
127.5,2.400336111393238
127.6,2.397891423437174
127.7,2.3954485767414235
127.8,2.393007572538017
127.9,2.390568412045511
128.0,2.388131096469049
128.1,2.385695627000418
128.2,2.383262004818108
128.3,2.380830231087372
128.4,2.378400306960285
128.5,2.375972233575799
128.6,2.373546012059807
128.7,2.3711216435251936
128.8,2.3686991290718993
128.9,2.3662784697869728
129.0,2.363859666744632
129.1,2.36144272100632
129.2,2.3590276336207596
129.3,2.356614405624013
129.4,2.354203038039537
129.5,2.351793531878237
129.6,2.3493858881385274
129.7,2.346980107806384
129.8,2.344576191855399
129.9,2.342174141246839
130.0,2.339773956929698
130.1,2.337375639840752
130.2,2.334979190904616
130.3,2.3325846110337958
130.4,2.330191901128744
130.5,2.3278010620779126
130.6,2.325412094757807
130.7,2.323025000033042
130.8,2.3206397787563904
130.9,2.3182564317688406
131.0,2.315874959899649
131.1,2.3134953639663887
131.2,2.311117644775008
131.3,2.3087418031198776
131.4,2.306367839783846
131.5,2.30399575553829
131.6,2.3016255511431667
131.7,2.299257227347066
131.8,2.2968907848872595
131.9,2.2945262244897537
132.0,2.2921635468693418
132.1,2.289802752729652
132.2,2.287443842763197
132.3,2.2850868176514307
132.4,2.2827316780647915
132.5,2.280378424662755
132.6,2.278027058093884
132.7,2.2756775789958787
132.8,2.2733299879956217
132.9,2.2709842857092353
133.0,2.268640472742122
133.1,2.2662985496890187
133.2,2.263958517134044
133.3,2.2616203756507454
133.4,2.2592841258021488
133.5,2.2569497681408066
133.6,2.2546173032088443
133.7,2.2522867315380095
133.8,2.2499580536497197
133.9,2.247631270055107
134.0,2.245306381255069
134.1,2.242983387740313
134.2,2.240662289991403
134.3,2.2383430884788074
134.4,2.236025783662945
134.5,2.2337103759942307
134.6,2.2313968659131227
134.7,2.2290852538501653
134.8,2.2267755402260394
134.9,2.2244677254516043
135.0,2.2221618099279437
135.1,2.2198577940464115
135.2,2.217555678188677
135.3,2.2152554627267684
135.4,2.21295714802312
135.5,2.2106607344306113
135.6,2.208366222292619
135.7,2.2060736119430535
135.8,2.203782903706409
135.9,2.2014940978978026
136.0,2.1992071948230203
136.1,2.1969221947785607
136.2,2.1946390980516757
136.3,2.1923579049204167
136.4,2.1900786156536762
136.5,2.187801230511229
136.6,2.1855257497437783
136.7,2.183252173592994
136.8,2.1809805022915585
136.9,2.1787107360632056
137.0,2.1764428751227656
137.1,2.1741769196762046
137.2,2.171912869920668
137.3,2.1696507260445186
137.4,2.167390488227383
137.5,2.165132156640187
137.6,2.1628757314452014
137.7,2.1606212127960798
137.8,2.1583686008379006
137.9,2.1561178957072062
138.0,2.1538690975320454
138.1,2.1516222064320103
138.2,2.14937722251828
138.3,2.1471341458936575
138.4,2.1448929766526112
138.5,2.142653714881313
138.6,2.140416360657679
138.7,2.1381809140514068
138.8,2.135947375124018
138.9,2.1337157439288923
139.0,2.1314860205113106
139.1,2.129258204908492
139.2,2.12703229714963
139.3,2.1248082972559352
139.4,2.1225862052406694
139.5,2.1203660211091866
139.6,2.1181477448589674
139.7,2.1159313764796615
139.8,2.1137169159531206
139.9,2.111504363253438
140.0,2.109293718346987
140.1,2.107084981192454
140.2,2.10487815174088
140.3,2.1026732299356947
140.4,2.100470215712754
140.5,2.098269109000377
140.6,2.09606990971938
140.7,2.0938726177831155
140.8,2.091677233097509
140.9,2.08948375556109
141.0,2.087292185065034
141.1,2.085102521493193
141.2,2.0829147647221347
141.3,2.0807289146211754
141.4,2.078544971052416
141.5,2.07636293387078
141.6,2.074182802924042
141.7,2.072004578052869
141.8,2.069828259090851
141.9,2.067653845864538
142.0,2.065481338193474
142.1,2.0633107358902274
142.2,2.061142038760432
142.3,2.0589752466028166
142.4,2.056810359209238
142.5,2.054647376364719
142.6,2.0524862978474774
142.7,2.050327123428962
142.8,2.048169852873887
142.9,2.0460144859402614
143.0,2.043861022379426
143.1,2.0417094619360836
143.2,2.0395598043483347
143.3,2.037412049347706
143.4,2.035266196659187
143.5,2.0331222460012612
143.6,2.030980197085936
143.7,2.02884004961878
143.8,2.0267018032989483
143.9,2.0245654578192203
144.0,2.0224310128660297
144.1,2.020298468119494
144.2,2.018167823253449
144.3,2.0160390779354787
144.4,2.013912231826947
144.5,2.0117872845830274
144.6,2.0096642358527377
144.7,2.0075430852789666
144.8,2.005423832498508
144.9,2.0033064771420888
145.0,2.001191018834401
145.1,1.9990774571941334
145.2,1.9969657918339996
145.3,1.994856022360768
145.4,1.9927481483752951
145.5,1.9906421694725507
145.6,1.9885380852416523
145.7,1.986435895265892
145.8,1.9843355991227674
145.9,1.98223719638401
146.0,1.9801406866156155
146.1,1.978046069377872
146.2,1.9759533442253916
146.3,1.9738625107071353
146.4,1.9717735683664461
146.5,1.9696865167410749
146.6,1.9676013553632103
146.7,1.9655180837595077
146.8,1.9634367014511154
146.9,1.9613572079537063
147.0,1.9592796027775035
147.1,1.9572038854273097
147.2,1.9551300554025344
147.3,1.9530581121972224
147.4,1.950988055300081
147.5,1.9489198841945077
147.6,1.946853598358619
147.7,1.9447891972652767
147.8,1.9427266803821135
147.9,1.940666047171564
148.0,1.9386072970908892
148.1,1.9365504295922045
148.2,1.934495444122505
148.3,1.932442340123695
148.4,1.9303911170326122
148.5,1.9283417742810558
148.6,1.926294311295812
148.7,1.924248727498681
148.8,1.9222050223065028
148.9,1.9201631951311833
149.0,1.9181232453797212
149.1,1.916085172454233
149.2,1.9140489757519792
149.3,1.912014654665389
149.4,1.9099822085820883
149.5,1.907951636884923
149.6,1.9059229389519856
149.7,1.9038961141566395
149.8,1.9018711618675455
149.9,1.8998480814486856
150.0,1.8978268722593885
150.1,1.895807533654356
150.2,1.893790064983685
150.3,1.8917744655928943
150.4,1.8897607348229482
150.5,1.8877488720102822
150.6,1.885738876486825
150.7,1.883730747580026
150.8,1.8817244846128776
150.9,1.8797200869039388
151.0,1.8777175537673607
151.1,1.8757168845129102
151.2,1.8737180784459921
151.3,1.8717211348676759
151.4,1.8697260530747155
151.5,1.867732832359576
151.6,1.8657414720104575
151.7,1.8637519713113144
151.8,1.8617643295418824
151.9,1.8597785459777014
152.0,1.857794619890136
152.1,1.8558125505464012
152.2,1.8538323372095844
152.3,1.851853979138668
152.4,1.8498774755885503
152.5,1.8479028258100727
152.6,1.8459300290500376
152.7,1.8439590845512333
152.8,1.8419899915524558
152.9,1.84002274928853
153.0,1.8380573569903342
153.1,1.83609381388482
153.2,1.8341321191950348
153.3,1.8321722721401439
153.4,1.830214271935453
153.5,1.8282581177924289
153.6,1.8263038089187202
153.7,1.8243513445181823
153.8,1.8224007237908946
153.9,1.820451945933185
154.0,1.8185050101376494
154.1,1.816559915593174
154.2,1.8146166614849548
154.3,1.812675246994521
154.4,1.8107356712997547
154.5,1.8087979335749096
154.6,1.8068620329906362
154.7,1.804927968713999
154.8,1.8029957399084986
154.9,1.8010653457340906
155.0,1.7991367853472087
155.1,1.7972100579007821
155.2,1.7952851625442592
155.3,1.7933620984236232
155.4,1.791440864681416
155.5,1.7895214604567573
155.6,1.7876038848853644
155.7,1.7856881370995699
155.8,1.7837742162283452
155.9,1.7818621213973174
156.0,1.7799518517287907
156.1,1.778043406341764
156.2,1.7761367843519518
156.3,1.7742319848718036
156.4,1.7723290070105222
156.5,1.770427849874083
156.6,1.7685285125652555
156.7,1.7666309941836176
156.8,1.76473529382558
156.9,1.7628414105844004
157.0,1.7609493435502057
157.1,1.7590590918100086
157.2,1.7571706544477275
157.3,1.7552840305442046
157.4,1.7533992191772245
157.5,1.7515162194215323
157.6,1.7496350303488524
157.7,1.747755651027906
157.8,1.7458780805244316
157.9,1.7440023179011994
158.0,1.7421283622180321
158.1,1.7402562125318235
158.2,1.7383858678965527
158.3,1.736517327363306
158.4,1.7346505899802926
158.5,1.7327856547928624
158.6,1.7309225208435233
158.7,1.729061187171961
158.8,1.727201652815053
158.9,1.7253439168068887
159.0,1.7234879781787855
159.1,1.721633835959306
159.2,1.7197814891742762
159.3,1.7179309368468012
159.4,1.7160821779972835
159.5,1.7142352116434396
159.6,1.7123900368003155
159.7,1.7105466524803061
159.8,1.7087050576931697
159.9,1.7068652514460465
160.0,1.705027232743473
160.1,1.7031910005874011
160.2,1.7013565539772126
160.3,1.699523891909737
160.4,1.6976930133792665
160.5,1.6958639173775734
160.6,1.6940366028939258
160.7,1.6922110689151029
160.8,1.690387314425414
160.9,1.6885653384067107
161.0,1.6867451398384057
161.1,1.6849267176974871
161.2,1.6831100709585352
161.3,1.681295198593737
161.4,1.6794820995729034
161.5,1.677670772863484
161.6,1.675861217430583
161.7,1.6740534322369727
161.8,1.672247416243113
161.9,1.670443168407163
162.0,1.6686406876849975
162.1,1.6668399730302241
162.2,1.6650410233941941
162.3,1.6632438377260221
162.4,1.6614484149725988
162.5,1.6596547540786053
162.6,1.6578628539865299
162.7,1.6560727136366824
162.8,1.6542843319672074
162.9,1.6524977079141006
163.0,1.6507128404112235
163.1,1.6489297283903168
163.2,1.6471483707810162
163.3,1.6453687665108658
163.4,1.6435909145053338
163.5,1.6418148136878254
163.6,1.6400404629796985
163.7,1.6382678613002766
163.8,1.636497007566864
163.9,1.6347279006947588
164.0,1.6329605395972693
164.1,1.6311949231857252
164.2,1.629431050369493
164.3,1.6276689200559895
164.4,1.6259085311506962
164.5,1.6241498825571725
164.6,1.6223929731770688
164.7,1.6206378019101422
164.8,1.6188843676542677
164.9,1.617132669305453
165.0,1.615382705757853
165.1,1.6136344759037797
165.2,1.6118879786337206
165.3,1.6101432128363466
165.4,1.6084001773985304
165.5,1.606658871205355
165.6,1.6049192931401308
165.7,1.6031814420844064
165.8,1.601445316917982
165.9,1.599710916518923
166.0,1.597978239763572
166.1,1.5962472855265624
166.2,1.5945180526808307
166.3,1.5927905400976305
166.4,1.5910647466465428
166.5,1.5893406711954912
166.6,1.5876183126107533
166.7,1.5858976697569718
166.8,1.5841787414971713
166.9,1.5824615266927646
167.0,1.5807460242035711
167.1,1.5790322328878255
167.2,1.5773201516021906
167.3,1.5756097792017707
167.4,1.5739011145401225
167.5,1.5721941564692676
167.6,1.5704889038397054
167.7,1.5687853555004236
167.8,1.5670835102989118
167.9,1.5653833670811717
168.0,1.5636849246917308
168.1,1.561988181973652
168.2,1.560293137768549
168.3,1.5585997909165923
168.4,1.5569081402565272
168.5,1.555218184625681
168.6,1.553529922859976
168.7,1.5518433537939413
168.8,1.550158476260724
168.9,1.5484752890921003
169.0,1.5467937911184872
169.1,1.545113981168954
169.2,1.5434358580712333
169.3,1.5417594206517315
169.4,1.540084667735542
169.5,1.5384115981464541
169.6,1.5367402107069652
169.7,1.535070504238292
169.8,1.5334024775603798
169.9,1.5317361294919172
170.0,1.5300714588503421
170.1,1.5284084644518559
170.2,1.5267471451114338
170.3,1.5250874996428345
170.4,1.523429526858612
170.5,1.521773225570125
170.6,1.5201185945875495
170.7,1.5184656327198864
170.8,1.5168143387749755
170.9,1.5151647115595033
171.0,1.5135167498790139
171.1,1.5118704525379205
171.2,1.5102258183395154
171.3,1.508582846085979
171.4,1.5069415345783912
171.5,1.505301882616742
171.6,1.50366388899994
171.7,1.5020275525258249
171.8,1.5003928719911745
171.9,1.498759846191718
172.0,1.4971284739221435
172.1,1.4954987539761093
172.2,1.4938706851462524
172.3,1.492244266224201
172.4,1.4906194960005812
172.5,1.4889963732650282
172.6,1.4873748968061964
172.7,1.4857550654117688
172.8,1.4841368778684663
172.9,1.4825203329620569
173.0,1.4809054294773667
173.1,1.4792921661982885
173.2,1.477680541907791
173.3,1.4760705553879276
173.4,1.4744622054198486
173.5,1.4728554907838072
173.6,1.4712504102591712
173.7,1.4696469626244308
173.8,1.4680451466572082
173.9,1.4664449611342678
174.0,1.4648464048315233
174.1,1.4632494765240485
174.2,1.4616541749860865
174.3,1.4600604989910568
174.4,1.4584684473115666
174.5,1.4568780187194184
174.6,1.4552892119856184
174.7,1.4537020258803877
174.8,1.4521164591731672
174.9,1.4505325106326312
175.0,1.4489501790266925
175.1,1.4473694631225127
175.2,1.4457903616865098
175.3,1.4442128734843678
175.4,1.4426369972810456
175.5,1.4410627318407836
175.6,1.4394900759271152
175.7,1.4379190283028724
175.8,1.4363495877301962
175.9,1.4347817529705433
176.0,1.4332155227846968
176.1,1.4316508959327716
176.2,1.4300878711742255
176.3,1.428526447267866
176.4,1.4269666229718583
176.5,1.425408397043734
176.6,1.4238517682403988
176.7,1.4222967353181422
176.8,1.4207432970326426
176.9,1.4191914521389783
177.0,1.4176411993916342
177.1,1.4160925375445093
177.2,1.4145454653509246
177.3,1.4129999815636332
177.4,1.4114560849348246
177.5,1.4099137742161358
177.6,1.4083730481586576
177.7,1.4068339055129417
177.8,1.405296345029009
177.9,1.4037603654563582
178.0,1.4022259655439728
178.1,1.4006931440403276
178.2,1.3991618996933983
178.3,1.397632231250667
178.4,1.3961041374591319
178.5,1.3945776170653128
178.6,1.3930526688152587
178.7,1.3915292914545576
178.8,1.3900074837283403
178.9,1.388487244381291
179.0,1.3869685721576523
179.1,1.3854514658012336
179.2,1.383935924055418
179.3,1.3824219456631697
179.4,1.3809095293670408
179.5,1.3793986739091795
179.6,1.3778893780313348
179.7,1.3763816404748666
179.8,1.3748754599807513
179.9,1.3733708352895877
180.0,1.3718677651416067
180.1,1.370366248276675
180.2,1.368866283434305
180.3,1.36736786935366
180.4,1.3658710047735607
180.5,1.3643756884324942
180.6,1.3628819190686183
180.7,1.3613896954197693
180.8,1.359899016223469
180.9,1.3584098802169307
181.0,1.3569222861370676
181.1,1.3554362327204965
181.2,1.3539517187035475
181.3,1.3524687428222677
181.4,1.35098730381243
181.5,1.3495074004095386
181.6,1.3480290313488368
181.7,1.34655219536531
181.8,1.3450768911936954
181.9,1.3436031175684884
182.0,1.3421308732239474
182.1,1.3406601568941001
182.2,1.3391909673127516
182.3,1.337723303213488
182.4,1.3362571633296865
182.5,1.334792546394517
182.6,1.3333294511409517
182.7,1.3318678763017697
182.8,1.3304078206095644
182.9,1.328949282796748
183.0,1.3274922615955584
183.1,1.326036755738065
183.2,1.3245827639561762
183.3,1.3231302849816429
183.4,1.3216793175460662
183.5,1.3202298603809022
183.6,1.318781912217469
183.7,1.317335471786953
183.8,1.3158905378204118
183.9,1.314447109048784
184.0,1.313005184202892
184.1,1.3115647620134494
184.2,1.3101258412110657
184.3,1.308688420526253
184.4,1.3072524986894312
184.5,1.3058180744309327
184.6,1.3043851464810108
184.7,1.3029537135698417
184.8,1.301523774427533
184.9,1.3000953277841278
185.0,1.2986683723696104
185.1,1.2972429069139124
185.2,1.2958189301469172
185.3,1.2943964407984665
185.4,1.2929754375983653
185.5,1.2915559192763866
185.6,1.2901378845622784
185.7,1.2887213321857665
185.8,1.287306260876563
185.9,1.2858926693643693
186.0,1.2844805563788821
186.1,1.283069920649798
186.2,1.2816607609068205
186.3,1.2802530758796626
186.4,1.278846864298055
186.5,1.2774421248917482
186.6,1.2760388563905198
186.7,1.2746370575241786
186.8,1.2732367270225702
186.9,1.2718378636155814
187.0,1.2704404660331456
187.1,1.2690445330052482
187.2,1.2676500632619307
187.3,1.2662570555332966
187.4,1.264865508549515
187.5,1.2634754210408277
187.6,1.2620867917375513
187.7,1.2606996193700843
187.8,1.2593139026689113
187.9,1.2579296403646072
188.0,1.256546831187842
188.1,1.255165473869387
188.2,1.2537855671401177
188.3,1.2524071097310199
188.4,1.2510301003731932
188.5,1.2496545377978572
188.6,1.248280420736354
188.7,1.2469077479201554
188.8,1.245536518080865
188.9,1.2441667299502253
189.0,1.2427983822601192
189.1,1.2414314737425776
189.2,1.2400660031297819
189.3,1.2387019691540693
189.4,1.2373393705479376
189.5,1.2359782060440483
189.6,1.2346184743752322
189.7,1.2332601742744937
189.8,1.2319033044750152
189.9,1.2305478637101606
190.0,1.2291938507134803
190.1,1.2278412642187158
190.2,1.2264901029598039
190.3,1.22514036567088
190.4,1.2237920510862834
190.5,1.2224451579405617
190.6,1.2210996849684743
190.7,1.2197556309049964
190.8,1.2184129944853235
190.9,1.2170717744448771
191.0,1.215731969519305
191.1,1.2143935784444897
191.2,1.2130565999565497
191.3,1.2117210327918444
191.4,1.2103868756869784
191.5,1.2090541273788058
191.6,1.2077227866044322
191.7,1.206392852101222
191.8,1.2050643226067987
191.9,1.2037371968590522
192.0,1.20241147359614
192.1,1.2010871515564934
192.2,1.1997642294788193
192.3,1.1984427061021057
192.4,1.1971225801656245
192.5,1.1958038504089357
192.6,1.1944865155718916
192.7,1.19317057439464
192.8,1.1918560256176274
192.9,1.1905428679816052
193.0,1.1892311002276301
193.1,1.1879207210970704
193.2,1.186611729331608
193.3,1.1853041236732433
193.4,1.1839979028642984
193.5,1.1826930656474208
193.6,1.1813896107655861
193.7,1.1800875369621033
193.8,1.1787868429806168
193.9,1.177487527565111
194.0,1.1761895894599135
194.1,1.1748930274096983
194.2,1.17359784015949
194.3,1.172304026454666
194.4,1.1710115850409621
194.5,1.1697205146644738
194.6,1.1684308140716608
194.7,1.1671424820093506
194.8,1.1658555172247407
194.9,1.164569918465404
195.0,1.1632856844792894
195.1,1.162002814014728
195.2,1.160721305820435
195.3,1.1594411586455127
195.4,1.1581623712394542
195.5,1.1568849423521466
195.6,1.155608870733875
195.7,1.1543341551353243
195.8,1.1530607943075841
195.9,1.1517887870021504
196.0,1.150518131970929
196.1,1.1492488279662398
196.2,1.147980873740819
196.3,1.1467142680478226
196.4,1.1454490096408287
196.5,1.1441850972738423
196.6,1.1429225297012964
196.7,1.1416613056780565
196.8,1.1404014239594231
196.9,1.139142883301135
197.0,1.1378856824593717
197.1,1.1366298201907572
197.2,1.1353752952523626
197.3,1.1341221064017089
197.4,1.13287025239677
197.5,1.1316197319959762
197.6,1.1303705439582168
197.7,1.1291226870428424
197.8,1.1278761600096687
197.9,1.126630961618979
198.0,1.1253870906315262
198.1,1.124144545808538
198.2,1.1229033259117167
198.3,1.1216634297032448
198.4,1.120424855945786
198.5,1.1191876034024877
198.6,1.117951670836986
198.7,1.1167170570134066
198.8,1.115483760696367
198.9,1.1142517806509815
199.0,1.1130211156428618
199.1,1.1117917644381206
199.2,1.1105637258033745
199.3,1.1093369985057457
199.4,1.1081115813128664
199.5,1.1068874729928788
199.6,1.1056646723144403
199.7,1.1044431780467248
199.8,1.103222988959425
199.9,1.1020041038227562
200.0,1.100786521407458
200.1,1.0995702404847967
200.2,1.0983552598265685
200.3,1.0971415782051002
200.4,1.0959291943932556
200.5,1.0947181071644336
200.6,1.0935083152925735
200.7,1.092299817552156
200.8,1.0910926127182068
200.9,1.0898866995662981
201.0,1.088682076872551
201.1,1.0874787434136388
201.2,1.0862766979667888
201.3,1.0850759393097846
201.4,1.0838764662209683
201.5,1.0826782774792438
201.6,1.0814813718640777
201.7,1.0802857481555028
201.8,1.07909140513412
201.9,1.0778983415811005
202.0,1.0767065562781888
202.1,1.0755160480077028
202.2,1.0743268155525392
202.3,1.0731388576961733
202.4,1.0719521732226622
202.5,1.0707667609166474
202.6,1.0695826195633553
202.7,1.068399747948602
202.8,1.067218144858793
202.9,1.066037809080927
203.0,1.0648587394025972
203.1,1.063680934611994
203.2,1.0625043934979062
203.3,1.0613291148497244
203.4,1.0601550974574423
203.5,1.0589823401116587
203.6,1.05781084160358
203.7,1.0566406007250226
203.8,1.0554716162684128
203.9,1.0543038870267925
204.0,1.0531374117938177
204.1,1.051972189363763
204.2,1.0508082185315217
204.3,1.0496454980926095
204.4,1.0484840268431652
204.5,1.0473238035799535
204.6,1.046164827100366
204.7,1.0450070962024245
204.8,1.0438506096847815
204.9,1.0426953663467233
205.0,1.041541364988171
205.1,1.0403886044096833
205.2,1.039237083412457
205.3,1.0380868007983306
205.4,1.0369377553697847
205.5,1.0357899459299453
205.6,1.0346433712825835
205.7,1.03349803023212
205.8,1.0323539215836244
205.9,1.0312110441428186
206.0,1.0300693967160783
206.1,1.0289289781104343
206.2,1.0277897871335744
206.3,1.026651822593846
206.4,1.0255150833002562
206.5,1.0243795680624759
206.6,1.0232452756908383
206.7,1.0221122049963443
206.8,1.0209803547906608
206.9,1.0198497238861253
207.0,1.0187203110957448
207.1,1.0175921152332001
207.2,1.0164651351128455
207.3,1.0153393695497115
207.4,1.0142148173595062
207.5,1.0130914773586168
207.6,1.011969348364111
207.7,1.0108484291937394
207.8,1.0097287186659358
207.9,1.0086102155998207
208.0,1.0074929188152004
208.1,1.0063768271325708
208.2,1.0052619393731181
208.3,1.00414825435872
208.4,1.0030357709119473
208.5,1.0019244878560656
208.6,1.000814404015038
208.7,0.9997055182135242
208.8,0.9985978292768836
208.9,0.9974913360311765
209.0,0.996386037303166
209.1,0.9952819319203183
209.2,0.9941790187108049
209.3,0.9930772965035046
209.4,0.9919767641280035
209.5,0.990877420414598
209.6,0.9897792641942946
209.7,0.9886822942988127
209.8,0.9875865095605855
209.9,0.9864919088127609
210.0,0.9853984908892041
210.1,0.984306254624497
210.2,0.983215198853942
210.3,0.982125322413561
210.4,0.9810366241400987
210.5,0.9799491028710222
210.6,0.9788627574445239
210.7,0.9777775866995215
210.8,0.9766935894756603
210.9,0.9756107646133138
211.0,0.9745291109535852
211.1,0.9734486273383087
211.2,0.9723693126100514
211.3,0.9712911656121131
211.4,0.9702141851885289
211.5,0.9691383701840692
211.6,0.9680637194442427
211.7,0.966990231815296
211.8,0.9659179061442151
211.9,0.9648467412787275
212.0,0.963776736067302
212.1,0.9627078893591512
212.2,0.9616402000042324
212.3,0.9605736668532477
212.4,0.9595082887576464
212.5,0.9584440645696256
212.6,0.9573809931421313
212.7,0.9563190733288603
212.8,0.9552583039842596
212.9,0.9541986839635297
213.0,0.9531402121226236
213.1,0.95208288731825
213.2,0.9510267084078721
213.3,0.949971674249711
213.4,0.9489177837027448
213.5,0.9478650356267111
213.6,0.9468134288821068
213.7,0.9457629623301909
213.8,0.9447136348329831
213.9,0.9436654452532672
214.0,0.9426183924545909
214.1,0.9415724753012668
214.2,0.9405276926583738
214.3,0.9394840433917576
214.4,0.938441526368033
214.5,0.9374001404545826
214.6,0.9363598845195601
214.7,0.9353207574318899
214.8,0.9342827580612681
214.9,0.9332458852781642
215.0,0.9322101379538218
215.1,0.9311755149602587
215.2,0.930142015170269
215.3,0.9291096374574231
215.4,0.9280783806960695
215.5,0.9270482437613349
215.6,0.9260192255291254
215.7,0.9249913248761277
215.8,0.9239645406798096
215.9,0.9229388718184204
216.0,0.9219143171709935
216.1,0.920890875617345
216.2,0.9198685460380761
216.3,0.9188473273145739
216.4,0.917827218329011
216.5,0.916808217964348
216.6,0.9157903251043331
216.7,0.9147735386335032
216.8,0.9137578574371852
216.9,0.9127432804014963
217.0,0.9117298064133449
217.1,0.9107174343604313
217.2,0.9097061631312489
217.3,0.9086959916150844
217.4,0.9076869187020191
217.5,0.9066789432829294
217.6,0.9056720642494874
217.7,0.9046662804941619
217.8,0.9036615909102191
217.9,0.9026579943917231
218.0,0.9016554898335372
218.1,0.900654076131324
218.2,0.8996537521815463
218.3,0.898654516881468
218.4,0.8976563691291549
218.5,0.8966593078234746
218.6,0.895663331864098
218.7,0.8946684401514999
218.8,0.8936746315869599
218.9,0.8926819050725614
219.0,0.8916902595111943
219.1,0.8906996938065552
219.2,0.8897102068631472
219.3,0.8887217975862814
219.4,0.8877344648820772
219.5,0.8867482076574628
219.6,0.885763024820176
219.7,0.8847789152787647
219.8,0.8837958779425878
219.9,0.8828139117218157
220.0,0.8818330155274301
220.1,0.8808531882712262
220.2,0.8798744288658116
220.3,0.8788967362246083
220.4,0.8779201092618522
220.5,0.8769445468925939
220.6,0.8759700480327003
220.7,0.8749966115988537
220.8,0.8740242365085525
220.9,0.8730529216801131
221.0,0.8720826660326693
221.1,0.8711134684861727
221.2,0.8701453279613935
221.3,0.8691782433799222
221.4,0.8682122136641677
221.5,0.8672472377373598
221.6,0.866283314523549
221.7,0.8653204429476067
221.8,0.8643586219352266
221.9,0.863397850412924
222.0,0.8624381273080373
222.1,0.861479451548728
222.2,0.8605218220639809
222.3,0.8595652377836049
222.4,0.8586096976382344
222.5,0.8576552005593274
222.6,0.8567017454791683
222.7,0.8557493313308668
222.8,0.8547979570483596
222.9,0.8538476215664094
223.0,0.8528983238206063
223.1,0.8519500627473682
223.2,0.8510028372839411
223.3,0.8500566463683986
223.4,0.8491114889396442
223.5,0.8481673639374097
223.6,0.8472242703022569
223.7,0.8462822069755777
223.8,0.8453411728995939
223.9,0.8444011670173585
224.0,0.8434621882727554
224.1,0.8425242356104998
224.2,0.841587307976139
224.3,0.8406514043160525
224.4,0.8397165235774519
224.5,0.838782664708382
224.6,0.8378498266577212
224.7,0.8369180083751805
224.8,0.8359872088113056
224.9,0.8350574269174761
225.0,0.8341286616459059
225.1,0.8332009119496443
225.2,0.832274176782575
225.3,0.8313484550994179
225.4,0.830423745855728
225.5,0.8295000480078968
225.6,0.8285773605131518
225.7,0.8276556823295574
225.8,0.8267350124160147
225.9,0.8258153497322621
226.0,0.8248966932388753
226.1,0.8239790418972679
226.2,0.823062394669691
226.3,0.8221467505192347
226.4,0.821232108409827
226.5,0.8203184673062345
226.6,0.8194058261740633
226.7,0.8184941839797586
226.8,0.8175835396906046
226.9,0.8166738922747253
227.0,0.8157652407010852
227.1,0.814857583939488
227.2,0.8139509209605784
227.3,0.8130452507358413
227.4,0.8121405722376023
227.5,0.8112368844390283
227.6,0.8103341863141271
227.7,0.8094324768377478
227.8,0.8085317549855807
227.9,0.8076320197341587
228.0,0.8067332700608558
228.1,0.8058355049438887
228.2,0.8049387233623152
228.3,0.8040429242960366
228.4,0.8031481067257963
228.5,0.8022542696331809
228.6,0.801361412000619
228.7,0.800469532811383
228.8,0.7995786310495882
228.9,0.798688705700193
229.0,0.7977997557489995
229.1,0.7969117801826535
229.2,0.7960247779886441
229.3,0.7951387481553046
229.4,0.7942536896718122
229.5,0.7933696015281878
229.6,0.7924864827152971
229.7,0.7916043322248494
229.8,0.7907231490493991
229.9,0.7898429321823447
230.0,0.7889636806179291
230.1,0.7880853933512407
230.2,0.7872080693782116
230.3,0.7863317076956197
230.4,0.7854563073010873
230.5,0.7845818671930819
230.6,0.7837083863709159
230.7,0.7828358638347472
230.8,0.781964298585579
230.9,0.7810936896252592
231.0,0.7802240359564816
231.1,0.7793553365827853
231.2,0.7784875905085546
231.3,0.7776207967390196
231.4,0.7767549542802561
231.5,0.7758900621391848
231.6,0.7750261193235728
231.7,0.7741631248420324
231.8,0.7733010777040219
231.9,0.7724399769198448
232.0,0.771579821500651
232.1,0.7707206104584357
232.2,0.7698623428060399
232.3,0.7690050175571509
232.4,0.7681486337263006
232.5,0.7672931903288681
232.6,0.7664386863810775
232.7,0.7655851208999985
232.8,0.7647324929035473
232.9,0.7638808014104852
233.0,0.76303004544042
233.1,0.7621802240138043
233.2,0.761331336151937
233.3,0.7604833808769628
233.4,0.7596363572118718
233.5,0.7587902641804996
233.6,0.7579451008075277
233.7,0.7571008661184836
233.8,0.7562575591397391
233.9,0.7554151788985126
234.0,0.7545737244228674
234.1,0.7537331947417123
234.2,0.7528935888848017
234.3,0.752054905882735
234.4,0.7512171447669567
234.5,0.7503803045697567
234.6,0.74954438432427
234.7,0.7487093830644764
234.8,0.7478752998252011
234.9,0.7470421336421134
235.0,0.7462098835517283
235.1,0.7453785485914047
235.2,0.7445481277993468
235.3,0.743718620214603
235.4,0.7428900248770661
235.5,0.7420623408274736
235.6,0.7412355671074065
235.7,0.740409702759291
235.8,0.7395847468263966
235.9,0.738760698352837
236.0,0.7379375563835695
236.1,0.7371153199643959
236.2,0.7362939881419607
236.3,0.7354735599637521
236.4,0.7346540344781024
236.5,0.733835410734186
236.6,0.7330176877820213
236.7,0.7322008646724697
236.8,0.7313849404572346
236.9,0.730569914188863
237.0,0.7297557849207443
237.1,0.7289425517071101
237.2,0.7281302136030348
237.3,0.7273187696644341
237.4,0.7265082189480669
237.5,0.7256985605115328
237.6,0.7248897934132738
237.7,0.724081916712573
237.8,0.7232749294695556
237.9,0.7224688307451873
238.0,0.7216636196012752
238.1,0.7208592951004674
238.2,0.7200558563062526
238.3,0.7192533022829597
238.4,0.7184516320957588
238.5,0.7176508448106592
238.6,0.7168509394945108
238.7,0.7160519152150038
238.8,0.7152537710406668
238.9,0.714456506040869
239.0,0.7136601192858181
239.1,0.7128646098465615
239.2,0.7120699767949852
239.3,0.7112762192038136
239.4,0.71048333614661
239.5,0.7096913266977757
239.6,0.7089001899325502
239.7,0.7081099249270111
239.8,0.7073205307580729
239.9,0.7065320065034882
240.0,0.705744351241847
240.1,0.7049575640525756
240.2,0.7041716440159373
240.3,0.7033865902130323
240.4,0.7026024017257967
240.5,0.701819077637003
240.6,0.7010366170302595
240.7,0.7002550189900103
240.8,0.6994742826015342
240.9,0.698694406950946
241.0,0.6979153911251952
241.1,0.6971372342120653
241.2,0.6963599353001758
241.3,0.6955834934789786
241.4,0.6948079078387607
241.5,0.6940331774706425
241.6,0.6932593014665778
241.7,0.6924862789193533
241.8,0.6917141089225893
241.9,0.6909427905707383
242.0,0.690172322959085
242.1,0.6894027051837469
242.2,0.688633936341673
242.3,0.6878660155306436
242.4,0.687098941849271
242.5,0.6863327143969982
242.6,0.6855673322740987
242.7,0.6848027945816771
242.8,0.684039100421668
242.9,0.6832762488968361
243.0,0.6825142391107751
243.1,0.681753070167909
243.2,0.6809927411734901
243.3,0.6802332512336002
243.4,0.6794745994551492
243.5,0.6787167849458753
243.6,0.6779598068143448
243.7,0.6772036641699513
243.8,0.6764483561229161
243.9,0.6756938817842871
244.0,0.6749402402659395
244.1,0.6741874306805746
244.2,0.6734354521417195
244.3,0.6726843037637276
244.4,0.6719339846617779
244.5,0.671184493951874
244.6,0.6704358307508447
244.7,0.6696879941763435
244.8,0.6689409833468477
244.9,0.6681947973816592
245.0,0.6674494354009027
245.1,0.6667048965255267
245.2,0.6659611798773024
245.3,0.6652182845788239
245.4,0.6644762097535071
245.5,0.6637349545255904
245.6,0.6629945180201334
245.7,0.6622548993630173
245.8,0.6615160976809439
245.9,0.6607781121014359
246.0,0.6600409417528363
246.1,0.6593045857643076
246.2,0.6585690432658325
246.3,0.6578343133882123
246.4,0.6571003952630678
246.5,0.6563672880228381
246.6,0.6556349908007801
246.7,0.6549035027309693
246.8,0.6541728229482979
246.9,0.6534429505884759
247.0,0.6527138847880296
247.1,0.6519856246843019
247.2,0.651258169415452
247.3,0.6505315181204542
247.4,0.6498056699390987
247.5,0.6490806240119905
247.6,0.6483563794805489
247.7,0.647632935487008
247.8,0.6469102911744151
247.9,0.6461884456866315
248.0,0.6454673981683313
248.1,0.6447471477650015
248.2,0.6440276936229415
248.3,0.6433090348892625
248.4,0.6425911707118874
248.5,0.6418741002395505
248.6,0.6411578226217967
248.7,0.6404423370089813
248.8,0.63972764255227
248.9,0.6390137384036378
249.0,0.6383006237158694
249.1,0.637588297642558
249.2,0.6368767593381055
249.3,0.636166007957722
249.4,0.6354560426574254
249.5,0.6347468625940407
249.6,0.6340384669251997
249.7,0.6333308548093413
249.8,0.6326240254057099
249.9,0.6319179778743562
250.0,0.6312127113761358
250.1,0.6305082250727093
250.2,0.6298045181265421
250.3,0.6291015897009036
250.4,0.6283994389598667
250.5,0.6276980650683077
250.6,0.6269974671919059
250.7,0.626297644497143
250.8,0.6255985961513028
250.9,0.6249003213224705
251.0,0.624202819179533
251.1,0.6235060888921777
251.2,0.6228101296308923
251.3,0.6221149405669649
251.4,0.6214205208724827
251.5,0.6207268697203321
251.6,0.6200339862841985
251.7,0.6193418697385652
251.8,0.6186505192587138
251.9,0.6179599340207228
252.0,0.6172701132014681
252.1,0.6165810559786223
252.2,0.6158927615306533
252.3,0.6152052290368258
252.4,0.614518457677199
252.5,0.6138324466326274
252.6,0.6131471950847595
252.7,0.6124627022160378
252.8,0.6117789672096988
252.9,0.6110959892497716
253.0,0.6104137675210781
253.1,0.6097323012092325
253.2,0.6090515895006405
253.3,0.6083716315824994
253.4,0.6076924266427971
253.5,0.6070139738703122
253.6,0.6063362724546132
253.7,0.605659321586058
253.8,0.6049831204557934
253.9,0.6043076682557553
254.0,0.6036329641786677
254.1,0.6029590074180419
254.2,0.6022857971681769
254.3,0.6016133326241582
254.4,0.6009416129818578
254.5,0.6002706374379336
254.6,0.599600405189829
254.7,0.5989309154357724
254.8,0.5982621673747764
254.9,0.597594160206638
255.0,0.5969268931319377
255.1,0.5962603653520392
255.2,0.5955945760690886
255.3,0.5949295244860144
255.4,0.5942652098065271
255.5,0.5936016312351179
255.6,0.5929387879770592
255.7,0.5922766792384037
255.8,0.5916153042259837
255.9,0.5909546621474111
256.0,0.5902947522110772
256.1,0.5896355736261505
256.2,0.5889771256025785
256.3,0.5883194073510859
256.4,0.5876624180831743
256.5,0.5870061570111224
256.6,0.5863506233479839
256.7,0.5856958163075893
256.8,0.5850417351045432
256.9,0.5843883789542255
257.0,0.5837357470727897
257.1,0.5830838386771636
257.2,0.5824326529850476
257.3,0.5817821892149152
257.4,0.5811324465860118
257.5,0.5804834243183546
257.6,0.5798351216327323
257.7,0.5791875377507041
257.8,0.5785406718945993
257.9,0.5778945232875174
258.0,0.5772490911533269
258.1,0.5766043747166651
258.2,0.575960373202938
258.3,0.5753170858383186
258.4,0.5746745118497479
258.5,0.5740326504649336
258.6,0.5733915009123494
258.7,0.5727510624212353
258.8,0.5721113342215963
258.9,0.5714723155442024
259.0,0.5708340056205878
259.1,0.5701964036830507
259.2,0.5695595089646526
259.3,0.5689233206992177
259.4,0.5682878381213328
259.5,0.5676530604663461
259.6,0.5670189869703679
259.7,0.5663856168702686
259.8,0.565752949403679
259.9,0.5651209838089903
260.0,0.5644897193253525
260.1,0.5638591551926746
260.2,0.5632292906516239
260.3,0.5626001249436252
260.4,0.5619716573108613
260.5,0.5613438869962711
260.6,0.56071681324355
260.7,0.5600904352971495
260.8,0.5594647524022758
260.9,0.5588397638048902
261.0,0.558215468751708
261.1,0.5575918664901984
261.2,0.556968956268584
261.3,0.5563467373358397
261.4,0.5557252089416926
261.5,0.5551043703366217
261.6,0.5544842207718572
261.7,0.5538647594993796
261.8,0.5532459857719197
261.9,0.552627898842958
262.0,0.5520104979667239
262.1,0.5513937823981955
262.2,0.5507777513930987
262.3,0.5501624042079072
262.4,0.5495477400998416
262.5,0.548933758326869
262.6,0.5483204581477024
262.7,0.5477078388218001
262.8,0.5470958996093657
262.9,0.5464846397713468
263.0,0.545874058569435
263.1,0.5452641552660655
263.2,0.5446549291244159
263.3,0.5440463794084063
263.4,0.5434385053826984
263.5,0.5428313063126955
263.6,0.5422247814645412
263.7,0.5416189301051196
263.8,0.5410137515020541
263.9,0.5404092449237076
264.0,0.5398054096391813
264.1,0.5392022449183147
264.2,0.5385997500316848
264.3,0.5379979242506053
264.4,0.5373967668471268
264.5,0.5367962770940354
264.6,0.5361964542648532
264.7,0.5355972976338365
264.8,0.5349988064759764
264.9,0.5344009800669978
265.0,0.5338038176833585
265.1,0.5332073186022495
265.2,0.5326114821015937
265.3,0.5320163074600458
265.4,0.5314217939569919
265.5,0.5308279408725477
265.6,0.5302347474875602
265.7,0.5296422130836052
265.8,0.5290503369429876
265.9,0.528459118348741
266.0,0.5278685565846268
266.1,0.5272786509351334
266.2,0.5266894006854764
266.3,0.5261008051215977
266.4,0.525512863530165
266.5,0.5249255751985709
266.6,0.5243389394149328
266.7,0.5237529554680923
266.8,0.5231676226476147
266.9,0.5225829402437883
267.0,0.5219989075476233
267.1,0.5214155238508531
267.2,0.5208327884459311
267.3,0.5202507006260326
267.4,0.5196692596850528
267.5,0.5190884649176069
267.6,0.518508315619029
267.7,0.5179288110853721
267.8,0.5173499506134077
267.9,0.5167717335006242
268.0,0.5161941590452275
268.1,0.51561722654614
268.2,0.5150409353029998
268.3,0.5144652846161607
268.4,0.5138902737866913
268.5,0.5133159021163745
268.6,0.512742168907707
268.7,0.5121690734638985
268.8,0.5115966150888719
268.9,0.5110247930872615
269.0,0.5104536067644139
269.1,0.5098830554263862
269.2,0.5093131383799463
269.3,0.5087438549325719
269.4,0.50817520439245
269.5,0.5076071860684767
269.6,0.5070397992702559
269.7,0.5064730433080998
269.8,0.5059069174930273
269.9,0.5053414211367644
270.0,0.5047765535517426
270.1,0.5042123140510993
270.2,0.5036487019486768
270.3,0.5030857165590219
270.4,0.502523357197385
270.5,0.5019616231797198
270.6,0.5014005138226832
270.7,0.500840028443634
270.8,0.5002801663606323
270.9,0.49972092689244013
271.0,0.49916230935851924
271.1,0.4986043130790318
271.2,0.49804693737483924
271.3,0.4974901815675021
271.4,0.4969340449792788
271.5,0.49637852693312595
271.6,0.49582362675269703
271.7,0.49526934376234266
271.8,0.49471567728710886
271.9,0.49416262665273775
272.0,0.49361019118566607
272.1,0.49305837021302534
272.2,0.49250716306264064
272.3,0.49195656906303054
272.4,0.49140658754340616
272.5,0.4908572178336711
272.6,0.4903084592644203
272.7,0.48976031116693997
272.8,0.4892127728732068
272.9,0.4886658437158875
273.0,0.48811952302833794
273.1,0.48757381014460316
273.2,0.48702870439941626
273.3,0.4864842051281982
273.4,0.485940311667057
273.5,0.48539702335278734
273.6,0.4848543395228699
273.7,0.484312259515471
273.8,0.48377078266944185
273.9,0.4832299083243178
274.0,0.4826896358203182
274.1,0.48214996449834574
274.2,0.48161089369998566
274.3,0.4810724227675054
274.4,0.4805345510438538
274.5,0.479997277872661
274.6,0.4794606025982373
274.7,0.4789245245655733
274.8,0.47838904312033825
274.9,0.4778541576088808
275.0,0.47731986737822757
275.1,0.4767861717760827
275.2,0.4762530701508276
275.3,0.4757205618515202
275.4,0.4751886462278943
275.5,0.47465732263035915
275.6,0.47412659040999877
275.7,0.4735964489185716
275.8,0.4730668975085096
275.9,0.47253793553291795
276.0,0.4720095623455746
276.1,0.4714817773009293
276.2,0.4709545797541032
276.3,0.4704279690608887
276.4,0.46990194457774825
276.5,0.46937650566181416
276.6,0.468851651670888
276.7,0.4683273819634398
276.8,0.46780369589860804
276.9,0.4672805928361984
277.0,0.4667580721366837
277.1,0.4662361331612031
277.2,0.4657147752715616
277.3,0.46519399783022947
277.4,0.46467380020034177
277.5,0.4641541817456976
277.6,0.4636351418307598
277.7,0.463116679820654
277.8,0.46259879508116863
277.9,0.4620814869787536
278.0,0.46156475488052057
278.1,0.46104859815424176
278.2,0.4605330161683496
278.3,0.4600180082919362
278.4,0.45950357389475255
278.5,0.45898971234720876
278.6,0.4584764230203722
278.7,0.4579637052859682
278.8,0.4574515585163784
278.9,0.45693998208464115
279.0,0.45642897536445026
279.1,0.4559185377301547
279.2,0.45540866855675827
279.3,0.45489936721991836
279.4,0.45439063309594613
279.5,0.4538824655618056
279.6,0.453374863995113
279.7,0.4528678277741365
279.8,0.4523613562777952
279.9,0.4518554488856591
280.0,0.4513501049779481
280.1,0.4508453239355318
280.2,0.45034110513992853
280.3,0.4498374479733052
280.4,0.44933435181847636
280.5,0.44883181605890393
280.6,0.4483298400786966
280.7,0.4478284232626091
280.8,0.4473275649960416
280.9,0.4468272646650396
281.0,0.44632752165629264
281.1,0.4458283353571345
281.2,0.4453297051555423
281.3,0.4448316304401356
281.4,0.4443341106001763
281.5,0.44383714502556804
281.6,0.4433407331068554
281.7,0.4428448742352236
281.8,0.4423495678024976
281.9,0.44185481320114206
282.0,0.44136060982426
282.1,0.44086695706559326
282.2,0.44037385431952086
282.3,0.43988130098105926
282.4,0.43938929644586144
282.5,0.43889784011021643
282.6,0.4384069313710485
282.7,0.437916569625917
282.8,0.4374267542730157
282.9,0.4369374847111719
283.0,0.43644876033984614
283.1,0.43596058055913184
283.2,0.4354729447697541
283.3,0.43498585237306997
283.4,0.43449930277106713
283.5,0.43401329536636396
283.6,0.43352782956220826
283.7,0.4330429047624775
283.8,0.43255852037167764
283.9,0.43207467579494285
284.0,0.43159137043803525
284.1,0.4311086037073431
284.2,0.430626375009882
284.3,0.43014468375329307
284.4,0.42966352934584284
284.5,0.4291829111964228
284.6,0.4287028287145484
284.7,0.4282232813103589
284.8,0.42774426839461677
284.9,0.42726578937870674
285.0,0.42678784367463585
285.1,0.4263104306950325
285.2,0.4258335498531458
285.3,0.4253572005628453
285.4,0.42488138223862043
285.5,0.42440609429557946
285.6,0.4239313361494498
285.7,0.42345710721657637
285.8,0.42298340691392217
285.9,0.4225102346590668
286.0,0.42203758987020634
286.1,0.4215654719661528
286.2,0.4210938803663335
286.3,0.42062281449079025
286.4,0.42015227376017933
286.5,0.4196822575957705
286.6,0.41921276541944663
286.7,0.418743796653703
286.8,0.418275350721647
286.9,0.41780742704699725
287.0,0.41734002505408324
287.1,0.41687314416784477
287.2,0.41640678381383145
287.3,0.41594094341820176
287.4,0.41547562240772307
287.5,0.41501082020977087
287.6,0.41454653625232774
287.7,0.4140827699639836
287.8,0.4136195207739346
287.9,0.41315678811198264
288.0,0.41269457140853505
288.1,0.41223287009460374
288.2,0.41177168360180494
288.3,0.4113110113623583
288.4,0.4108508528090867
288.5,0.4103912073754154
288.6,0.4099320744953717
288.7,0.4094734536035843
288.8,0.4090153441352825
288.9,0.4085577455262962
289.0,0.408100657213055
289.1,0.40764407863258734
289.2,0.40718800922252085
289.3,0.4067324484210806
289.4,0.4062773956670897
289.5,0.4058228503999679
289.6,0.4053688120597315
289.7,0.40491528008699285
289.8,0.40446225392295926
289.9,0.40400973300943294
290.0,0.4035577167888103
290.1,0.4031062047040815
290.2,0.40265519619882967
290.3,0.40220469071723075
290.4,0.40175468770405226
290.5,0.40130518660465364
290.6,0.4008561868649848
290.7,0.40040768793158643
290.8,0.3999596892515886
290.9,0.39951219027271095
291.0,0.3990651904432617
291.1,0.39861868921213733
291.2,0.39817268602882167
291.3,0.3977271803433859
291.4,0.39728217160648754
291.5,0.3968376592693702
291.6,0.39639364278386263
291.7,0.39595012160237886
291.8,0.3955070951779169
291.9,0.39506456296405856
292.0,0.3946225244149692
292.1,0.3941809789853964
292.2,0.3937399261306702
292.3,0.3932993653067019
292.4,0.3928592959699843
292.5,0.3924197175775903
292.6,0.3919806295871728
292.7,0.3915420314569642
292.8,0.3911039226457758
292.9,0.3906663026129971
293.0,0.3902291708185953
293.1,0.38979252672311504
293.2,0.3893563697876773
293.3,0.38892069947397967
293.4,0.3884855152442947
293.5,0.3880508165614704
293.6,0.38761660288892924
293.7,0.3871828736906676
293.8,0.38674962843125527
293.9,0.38631686657583486
294.0,0.38588458759012134
294.1,0.3854527909404014
294.2,0.38502147609353327
294.3,0.38459064251694536
294.4,0.38416028967863664
294.5,0.3837304170471756
294.6,0.38330102409169964
294.7,0.3828721102819149
294.8,0.38244367508809546
294.9,0.3820157179810828
295.0,0.3815882384322853
295.1,0.3811612359136778
295.2,0.3807347098978009
295.3,0.3803086598577605
295.4,0.37988308526722725
295.5,0.379457985600436
295.6,0.3790333603321854
295.7,0.378609208937837
295.8,0.3781855308933152
295.9,0.3777623256751062
296.0,0.377339592760258
296.1,0.37691733162637936
296.2,0.3764955417516398
296.3,0.3760742226147682
296.4,0.3756533736950534
296.5,0.37523299447234265
296.6,0.3748130844270418
296.7,0.3743936430401143
296.8,0.37397466979308097
296.9,0.37355616416801907
297.0,0.3731381256475623
297.1,0.3727205537148998
297.2,0.372303447853776
297.3,0.3718868075484897
297.4,0.37147063228389365
297.5,0.37105492154539443
297.6,0.3706396748189514
297.7,0.3702248915910761
297.8,0.36981057134883233
297.9,0.36939671357983506
298.0,0.3689833177722503
298.1,0.3685703834147939
298.2,0.36815790999673204
298.3,0.3677458970078797
298.4,0.3673343439386007
298.5,0.3669232502798071
298.6,0.3665126155229586
298.7,0.3661024391600619
298.8,0.3656927206836703
298.9,0.3652834595868833
299.0,0.3648746553633457
299.1,0.3644663075072477
299.2,0.3640584155133232
299.3,0.36365097887685083
299.4,0.36324399709365224
299.5,0.36283746966009195
299.6,0.362431396073077
299.7,0.36202577583005613
299.8,0.36162060842901944
299.9,0.3612158933684978
300.0,0.36081163014756223
300.1,0.36040781826582347
300.2,0.3600044572234317
300.3,0.3596015465210754
300.4,0.3591990856599816
300.5,0.35879707414191453
300.6,0.3583955114691759
300.7,0.35799439714460357
300.8,0.3575937306715719
300.9,0.3571935115539904
301.0,0.35679373929630376
301.1,0.35639441340349115
301.2,0.35599553338106565
301.3,0.35559709873507384
301.4,0.355199108972095
301.5,0.354801563599241
301.6,0.3544044621241555
301.7,0.3540078040550136
301.8,0.3536115889005211
301.9,0.35321581616991404
302.0,0.35282048537295846
302.1,0.35242559601994955
302.2,0.35203114762171117
302.3,0.35163713968959553
302.4,0.35124357173548254
302.5,0.350850443271779
302.6,0.3504577538114191
302.7,0.3500655028678621
302.8,0.34967368995509374
302.9,0.3492823145876248
303.0,0.3488913762804903
303.1,0.34850087454924944
303.2,0.34811080890998525
303.3,0.3477211788793035
303.4,0.3473319839743327
303.5,0.34694322371272307
303.6,0.3465548976126468
303.7,0.3461670051927967
303.8,0.34577954597238625
303.9,0.34539251947114874
304.0,0.34500592520933676
304.1,0.34461976270772243
304.2,0.34423403148759557
304.3,0.3438487310707644
304.4,0.3434638609795542
304.5,0.3430794207368075
304.6,0.34269540986588276
304.7,0.34231182789065456
304.8,0.3419286743355128
304.9,0.34154594872536226
305.0,0.3411636505856219
305.1,0.34078177944222465
305.2,0.34040033482161647
305.3,0.3400193162507564
305.4,0.3396387232571157
305.5,0.33925855536867733
305.6,0.3388788121139355
305.7,0.3384994930218953
305.8,0.3381205976220718
305.9,0.33774212544449034
306.0,0.33736407601968493
306.1,0.33698644887869855
306.2,0.33660924355308247
306.3,0.33623245957489545
306.4,0.33585609647670367
306.5,0.33548015379157997
306.6,0.3351046310531034
306.7,0.3347295277953585
306.8,0.3343548435529352
306.9,0.3339805778609282
307.0,0.3336067302549361
307.1,0.33323330027106135
307.2,0.3328602874459096
307.3,0.3324876913165891
307.4,0.3321155114207102
307.5,0.33174374729638506
307.6,0.331372398482227
307.7,0.3310014645173498
307.8,0.3306309449413676
307.9,0.33026083929439404
308.0,0.3298911471170422
308.1,0.3295218679504235
308.2,0.32915300133614767
308.3,0.3287845468163221
308.4,0.3284165039335513
308.5,0.3280488722309366
308.6,0.327681651252075
308.7,0.3273148405410598
308.8,0.3269484396424791
308.9,0.3265824481014157
309.0,0.3262168654634467
309.1,0.32585169127464286
309.2,0.32548692508156785
309.3,0.32512256643127835
309.4,0.324758614871323
309.5,0.32439506994974243
309.6,0.3240319312150681
309.7,0.32366919821632245
309.8,0.3233068705030179
309.9,0.3229449476251568
310.0,0.3225834291332305
310.1,0.32222231457821937
310.2,0.3218616035115917
310.3,0.3215012954853037
310.4,0.3211413900517988
310.5,0.32078188676400726
310.6,0.3204227851753454
310.7,0.3200640848397155
310.8,0.319705785311505
310.9,0.3193478861455863
311.0,0.3189903868973159
311.1,0.31863328712253425
311.2,0.31827658637756506
311.3,0.317920284219215
311.4,0.31756438020477284
311.5,0.3172088738920094
311.6,0.31685376483917693
311.7,0.3164990526050083
311.8,0.31614473674871707
311.9,0.3157908168299966
312.0,0.31543729240901935
312.1,0.3150841630464373
312.2,0.3147314283033804
312.3,0.31437908774145695
312.4,0.31402714092275236
312.5,0.3136755874098292
312.6,0.31332442676572675
312.7,0.3129736585539599
312.8,0.31262328233851944
312.9,0.312273297683871
313.0,0.31192370415495496
313.1,0.3115745013171856
313.2,0.31122568873645107
313.3,0.31087726597911225
313.4,0.3105292326120031
313.5,0.3101815882024295
313.6,0.3098343323181691
313.7,0.30948746452747067
313.8,0.30914098439905385
313.9,0.30879489150210837
314.0,0.30844918540629385
314.1,0.30810386568173914
314.2,0.3077589318990418
314.3,0.307414383629268
314.4,0.3070702204439515
314.5,0.30672644191509346
314.6,0.3063830476151621
314.7,0.30604003711709193
314.8,0.30569740999428346
314.9,0.3053551658206027
315.0,0.3050133041703804
315.1,0.3046718246184122
315.2,0.3043307267399576
315.3,0.3039900101107396
315.4,0.30364967430694456
315.5,0.30330971890522107
315.6,0.30297014348268014
315.7,0.30263094761689435
315.8,0.3022921308858977
315.9,0.30195369286818446
316.0,0.30161563314270967
316.1,0.3012779512888878
316.2,0.30094064688659267
316.3,0.3006037195161573
316.4,0.3002671687583725
316.5,0.29993099419448743
316.6,0.29959519540620855
316.7,0.29925977197569925
316.8,0.29892472348557947
316.9,0.29859004951892504
317.0,0.29825574965926754
317.1,0.2979218234905935
317.2,0.29758827059734416
317.3,0.29725509056441485
317.4,0.29692228297715456
317.5,0.2965898474213656
317.6,0.29625778348330295
317.7,0.29592609074967396
317.8,0.29559476880763774
317.9,0.29526381724480466
318.0,0.29493323564923624
318.1,0.2946030236094442
318.2,0.29427318071439035
318.3,0.2939437065534859
318.4,0.2936146007165911
318.5,0.29328586279401503
318.6,0.2929574923765146
318.7,0.29262948905529435
318.8,0.2923018524220062
318.9,0.2919745820687487
319.0,0.2916476775880667
319.1,0.2913211385729508
319.2,0.290994964616837
319.3,0.2906691553136061
319.4,0.29034371025758354
319.5,0.2900186290435384
319.6,0.28969391126668365
319.7,0.28936955652267493
319.8,0.28904556440761076
319.9,0.2887219345180317
320.0,0.2883986664509198
320.1,0.28807575980369876
320.2,0.2877532141742326
320.3,0.28743102916082597
320.4,0.28710920436222315
320.5,0.28678773937760793
320.6,0.28646663380660303
320.7,0.2861458872492696
320.8,0.285825499306107
320.9,0.2855054695780519
321.0,0.28518579766647834
321.1,0.28486648317319685
321.2,0.28454752570045444
321.3,0.2842289248509334
321.4,0.28391068022775184
321.5,0.2835927914344624
321.6,0.28327525807505244
321.7,0.28295807975394305
321.8,0.28264125607598883
321.9,0.2823247866464776
322.0,0.28200867107112954
322.1,0.28169290895609733
322.2,0.281377499907965
322.3,0.2810624435337482
322.4,0.2807477394408931
322.5,0.28043338723727634
322.6,0.28011938653120455
322.7,0.2798057369314138
322.8,0.2794924380470691
322.9,0.2791794894877641
323.0,0.27886689086352073
323.1,0.2785546417847883
323.2,0.2782427418624436
323.3,0.2779311907077901
323.4,0.27761998793255777
323.5,0.27730913314890226
323.6,0.27699862596940494
323.7,0.27668846600707203
323.8,0.27637865287533436
323.9,0.276069186188047
324.0,0.27576006555948845
324.1,0.27545129060436085
324.2,0.27514286093778884
324.3,0.2748347761753195
324.4,0.27452703593292194
324.5,0.2742196398269866
324.6,0.27391258747432523
324.7,0.2736058784921698
324.8,0.2732995124981728
324.9,0.2729934891104063
325.0,0.27268780794736164
325.1,0.27238246862794907
325.2,0.2720774707714973
325.3,0.2717728139977528
325.4,0.2714684979268799
325.5,0.2711645221794598
325.6,0.2708608863764904
325.7,0.270557590139386
325.8,0.2702546330899765
325.9,0.2699520148505072
326.0,0.26964973504363837
326.1,0.2693477932924448
326.2,0.26904618922041523
326.3,0.2687449224514522
326.4,0.2684439926098713
326.5,0.2681433993204009
326.6,0.2678431422081817
326.7,0.2675432208987663
326.8,0.2672436350181188
326.9,0.2669443841926144
327.0,0.26664546804903855
327.1,0.26634688621458735
327.2,0.2660486383168663
327.3,0.2657507239838904
327.4,0.26545314284408333
327.5,0.2651558945262774
327.6,0.26485897865971286
327.7,0.2645623948740376
327.8,0.26426614279930666
327.9,0.2639702220659818
328.0,0.26367463230493104
328.1,0.2633793731474284
328.2,0.26308444422515326
328.3,0.26278984517019
328.4,0.26249557561502784
328.5,0.2622016351925599
328.6,0.2619080235360831
328.7,0.2616147402792979
328.8,0.2613217850563073
328.9,0.26102915750161726
329.0,0.2607368572501354
329.1,0.26044488393717113
329.2,0.26015323719843503
329.3,0.25986191667003844
329.4,0.2595709219884933
329.5,0.25928025279071115
329.6,0.25898990871400324
329.7,0.25869988939607996
329.8,0.25841019447505026
329.9,0.2581208235894215
330.0,0.2578317763780987
330.1,0.25754305248038445
330.2,0.2572546515359784
330.3,0.25696657318497645
330.4,0.25667881706787105
330.5,0.2563913828255504
330.6,0.2561042700992976
330.7,0.255817478530791
330.8,0.25553100776210347
330.9,0.25524485743570186
331.0,0.2549590271944467
331.1,0.2546735166815918
331.2,0.2543883255407838
331.3,0.25410345341606166
331.4,0.25381889995185647
331.5,0.2535346647929909
331.6,0.25325074758467875
331.7,0.25296714797252456
331.8,0.2526838656025233
331.9,0.25240090012105976
332.0,0.25211825117490844
332.1,0.2518359184112327
332.2,0.2515539014775849
332.3,0.25127220002190537
332.4,0.25099081369252263
332.5,0.25070974213815245
332.6,0.2504289850078976
332.7,0.25014854195124786
332.8,0.24986841261807888
332.9,0.24958859665865224
333.0,0.24930909372361507
333.1,0.24902990346399942
333.2,0.2487510255312219
333.3,0.2484724595770834
333.4,0.24819420525376848
333.5,0.24791626221384522
333.6,0.24763863011026463
333.7,0.24736130859636035
333.8,0.24708429732584802
333.9,0.2468075959528252
334.0,0.2465312041317707
334.1,0.2462551215175444
334.2,0.2459793477653866
334.3,0.2457038825309178
334.4,0.24542872547013833
334.5,0.24515387623942766
334.6,0.24487933449554433
334.7,0.24460509989562543
334.8,0.24433117209718602
334.9,0.2440575507581191
335.0,0.24378423553669487
335.1,0.24351122609156045
335.2,0.24323852208173957
335.3,0.242966123166632
335.4,0.2426940290060132
335.5,0.24242223926003412
335.6,0.24215075358922056
335.7,0.24187957165447269
335.8,0.2416086931170651
335.9,0.24133811763864588
336.0,0.2410678448812365
336.1,0.24079787450723147
336.2,0.24052820617939774
336.3,0.24025883956087446
336.4,0.23998977431517246
336.5,0.239721010106174
336.6,0.23945254659813223
336.7,0.23918438345567097
336.8,0.23891652034378402
336.9,0.23864895692783514
337.0,0.23838169287355734
337.1,0.23811472784705276
337.2,0.23784806151479196
337.3,0.23758169354361378
337.4,0.23731562360072492
337.5,0.23704985135369938
337.6,0.23678437647047834
337.7,0.23651919861936943
337.8,0.23625431746904663
337.9,0.2359897326885498
338.0,0.23572544394728412
338.1,0.23546145091502002
338.2,0.2351977532618925
338.3,0.2349343506584008
338.4,0.2346712427754082
338.5,0.2344084292841415
338.6,0.23414590985619047
338.7,0.23388368416350772
338.8,0.2336217518784082
338.9,0.23336011267356885
339.0,0.23309876622202813
339.1,0.23283771219718574
339.2,0.23257695027280215
339.3,0.23231648012299833
339.4,0.23205630142225514
339.5,0.23179641384541327
339.6,0.23153681706767254
339.7,0.2312775107645917
339.8,0.23101849461208804
339.9,0.23075976828643677
340.0,0.23050133146427115
340.1,0.2302431838225815
340.2,0.22998532503871533
340.3,0.22972775479037658
340.4,0.2294704727556254
340.5,0.22921347861287789
340.6,0.2289567720409055
340.7,0.22870035271883477
340.8,0.2284442203261469
340.9,0.22818837454267737
341.0,0.22793281504861562
341.1,0.22767754152450462
341.2,0.22742255365124053
341.3,0.22716785111007232
341.4,0.22691343358260127
341.5,0.22665930075078075
341.6,0.22640545229691578
341.7,0.2261518879036627
341.8,0.22589860725402863
341.9,0.22564561003137137
342.0,0.22539289591939882
342.1,0.22514046460216855
342.2,0.22488831576408766
342.3,0.22463644908991218
342.4,0.22438486426474683
342.5,0.22413356097404466
342.6,0.22388253890360651
342.7,0.22363179773958083
342.8,0.2233813371684632
342.9,0.223131156877096
343.0,0.222881256552668
343.1,0.22263163588271404
343.2,0.22238229455511455
343.3,0.22213323225809536
343.4,0.22188444868022716
343.5,0.2216359435104252
343.6,0.22138771643794894
343.7,0.2211397671524017
343.8,0.22089209534373005
343.9,0.22064470070222397
344.0,0.22039758291851583
344.1,0.2201507416835805
344.2,0.21990417668873483
344.3,0.2196578876256372
344.4,0.21941187418628724
344.5,0.21916613606302557
344.6,0.21892067294853318
344.7,0.21867548453583116
344.8,0.21843057051828063
344.9,0.2181859305895818
345.0,0.21794156444377408
345.1,0.21769747177523566
345.2,0.21745365227868277
345.3,0.21721010564916987
345.4,0.21696683158208885
345.5,0.21672382977316884
345.6,0.2164810999184758
345.7,0.21623864171441234
345.8,0.21599645485771707
345.9,0.21575453904546435
346.0,0.215512893975064
346.1,0.215271519344261
346.2,0.21503041485113478
346.3,0.21478958019409936
346.4,0.21454901507190244
346.5,0.21430871918362562
346.6,0.2140686922286836
346.7,0.21382893390682395
346.8,0.21358944391812681
346.9,0.21335022196300457
347.0,0.21311126774220127
347.1,0.2128725809567925
347.2,0.21263416130818508
347.3,0.21239600849811627
347.4,0.212158122228654
347.5,0.21192050220219605
347.6,0.21168314812147
347.7,0.21144605968953264
347.8,0.2112092366097698
347.9,0.21097267858589594
348.0,0.21073638532195366
348.1,0.21050035652231355
348.2,0.21026459189167374
348.3,0.2100290911350595
348.4,0.20979385395782305
348.5,0.20955888006564294
348.6,0.20932416916452395
348.7,0.2090897209607967
348.8,0.2088555351611171
348.9,0.20862161147246627
349.0,0.2083879496021499
349.1,0.20815454925779836
349.2,0.2079214101473656
349.3,0.20768853197912954
349.4,0.20745591446169143
349.5,0.2072235573039754
349.6,0.2069914602152283
349.7,0.20675962290501915
349.8,0.20652804508323902
349.9,0.20629672646010047
350.0,0.20606566674613733
350.1,0.20583486565220432
350.2,0.20560432288947675
350.3,0.20537403816945
350.4,0.20514401120393938
350.5,0.2049142417050797
350.6,0.204684729385325
350.7,0.20445547395744798
350.8,0.2042264751345399
350.9,0.20399773263001011
351.0,0.20376924615758576
351.1,0.20354101543131145
351.2,0.20331304016554885
351.3,0.20308532007497632
351.4,0.20285785487458874
351.5,0.202630644279697
351.6,0.2024036880059276
351.7,0.20217698576922266
351.8,0.20195053728583906
351.9,0.20172434227234864
352.0,0.2014984004456374
352.1,0.20127271152290543
352.2,0.20104727522166646
352.3,0.20082209125974762
352.4,0.20059715935528896
352.5,0.20037247922674326
352.6,0.20014805059287558
352.7,0.1999238731727629
352.8,0.19969994668579394
352.9,0.19947627085166866
353.0,0.199252845390398
353.1,0.1990296700223036
353.2,0.19880674446801722
353.3,0.19858406844848073
353.4,0.19836164168494552
353.5,0.19813946389897238
353.6,0.1979175348124309
353.7,0.19769585414749943
353.8,0.19747442162666448
353.9,0.19725323697272057
354.0,0.19703229990876975
354.1,0.1968116101582215
354.2,0.19659116744479205
354.3,0.19637097149250438
354.4,0.19615102202568774
354.5,0.19593131876897718
354.6,0.19571186144731356
354.7,0.19549264978594286
354.8,0.19527368351041605
354.9,0.1950549623465888
355.0,0.19483648602062104
355.1,0.1946182542589766
355.2,0.19440026678842287
355.3,0.19418252333603073
355.4,0.19396502362917387
355.5,0.19374776739552865
355.6,0.19353075436307382
355.7,0.19331398426008997
355.8,0.19309745681515944
355.9,0.19288117175716593
356.0,0.192665128815294
356.1,0.192449327719029
356.2,0.19223376819815663
356.3,0.19201844998276246
356.4,0.19180337280323193
356.5,0.19158853639024975
356.6,0.19137394047479966
356.7,0.19115958478816417
356.8,0.19094546906192414
356.9,0.19073159302795867
357.0,0.190517956418444
357.1,0.19030455896585463
357.2,0.1900914004029614
357.3,0.18987848046283265
357.4,0.18966579887883245
357.5,0.18945335538462163
357.6,0.18924114971415615
357.7,0.18902918160168822
357.8,0.1888174507817644
357.9,0.18860595698922691
358.0,0.18839469995921165
358.1,0.18818367942714959
358.2,0.1879728951287647
358.3,0.18776234680007525
358.4,0.18755203417739216
358.5,0.18734195699731987
358.6,0.18713211499675464
358.7,0.18692250791288592
358.8,0.18671313548319424
358.9,0.18650399744545257
359.0,0.18629509353772444
359.1,0.18608642349836516
359.2,0.18587798706602002
359.3,0.18566978397962522
359.4,0.18546181397840658
359.5,0.18525407680188022
359.6,0.185046572189851
359.7,0.1848392998824135
359.8,0.1846322596199506
359.9,0.18442545114313427
360.0,0.1842188741929239
360.1,0.18401252851056743
360.2,0.18380641383759966
360.3,0.18360052991584339
360.4,0.1833948764874075
360.5,0.18318945329468828
360.6,0.1829842600803676
360.7,0.1827792965874139
360.8,0.18257456255908064
360.9,0.18237005773890738
361.0,0.18216578187071808
361.1,0.18196173469862184
361.2,0.1817579159670118
361.3,0.1815543254205657
361.4,0.1813509628042445
361.5,0.18114782786329334
361.6,0.18094492034323972
361.7,0.1807422399898949
361.8,0.1805397865493518
361.9,0.1803375597679864
362.0,0.18013555939245596
362.1,0.17993378516969996
362.2,0.17973223684693862
362.3,0.17953091417167386
362.4,0.1793298168916875
362.5,0.17912894475504268
362.6,0.17892829751008185
362.7,0.17872787490542777
362.8,0.1785276766899823
362.9,0.178327702612927
363.0,0.17812795242372156
363.1,0.17792842587210517
363.2,0.17772912270809466
363.3,0.17753004268198466
363.4,0.1773311855443482
363.5,0.17713255104603493
363.6,0.1769341389381722
363.7,0.17673594897216346
363.8,0.1765379808996893
363.9,0.17634023447270578
364.0,0.17614270944344546
364.1,0.1759454055644158
364.2,0.1757483225884001
364.3,0.1755514602684561
364.4,0.17535481835791672
364.5,0.17515839661038862
364.6,0.17496219477975308
364.7,0.1747662126201646
364.8,0.1745704498860516
364.9,0.17437490633211525
365.0,0.17417958171332992
365.1,0.17398447578494214
365.2,0.17378958830247113
365.3,0.17359491902170762
365.4,0.17340046769871442
365.5,0.1732062340898253
365.6,0.17301221795164548
365.7,0.17281841904105052
365.8,0.1726248371151869
365.9,0.17243147193147082
366.0,0.17223832324758884
366.1,0.1720453908214966
366.2,0.17185267441141955
366.3,0.17166017377585147
366.4,0.1714678886735556
366.5,0.17127581886356297
366.6,0.17108396410517313
366.7,0.17089232415795308
366.8,0.17070089878173772
366.9,0.17050968773662878
367.0,0.17031869078299539
367.1,0.1701279076814728
367.2,0.16993733819296317
367.3,0.16974698207863415
367.4,0.16955683909991973
367.5,0.16936690901851884
367.6,0.1691771915963961
367.7,0.16898768659578053
367.8,0.16879839377916628
367.9,0.16860931290931122
368.0,0.1684204437492379
368.1,0.168231786062232
368.2,0.16804333961184317
368.3,0.1678551041618837
368.4,0.16766707947642936
368.5,0.16747926531981788
368.6,0.16729166145664984
368.7,0.16710426765178726
368.8,0.16691708367035454
368.9,0.16673010927773685
369.0,0.16654334423958111
369.1,0.16635678832179449
369.2,0.1661704412905454
369.3,0.16598430291226188
369.4,0.16579837295363262
369.5,0.16561265118160534
369.6,0.1654271373633879
369.7,0.16524183126644668
369.8,0.16505673265850743
369.9,0.16487184130755408
370.0,0.16468715698182929
370.1,0.16450267944983316
370.2,0.16431840848032417
370.3,0.16413434384231765
370.4,0.16395048530508663
370.5,0.16376683263816047
370.6,0.16358338561132574
370.7,0.16340014399462474
370.8,0.16321710755835636
370.9,0.1630342760730747
371.0,0.1628516493095899
371.1,0.1626692270389667
371.2,0.1624870090325254
371.3,0.16230499506184026
371.4,0.16212318489874059
371.5,0.16194157831530914
371.6,0.161760175083883
371.7,0.1615789749770523
371.8,0.16139797776766088
371.9,0.16121718322880504
372.0,0.16103659113383437
372.1,0.1608562012563502
372.2,0.16067601337020662
372.3,0.160496027249509
372.4,0.16031624266861488
372.5,0.16013665940213262
372.6,0.1599572772249217
372.7,0.1597780959120926
372.8,0.15959911523900597
372.9,0.15942033498127298
373.0,0.15924175491475429
373.1,0.1590633748155607
373.2,0.15888519446005195
373.3,0.15870721362483728
373.4,0.15852943208677434
373.5,0.15835184962296978
373.6,0.15817446601077806
373.7,0.15799728102780217
373.8,0.15782029445189227
373.9,0.15764350606114652
374.0,0.15746691563390983
374.1,0.15729052294877438
374.2,0.15711432778457868
374.3,0.15693832992040802
374.4,0.15676252913559327
374.5,0.1565869252097117
374.6,0.1564115179225856
374.7,0.15623630705428307
374.8,0.15606129238511676
374.9,0.1558864736956446
375.0,0.15571185076666835
375.1,0.1555374233792347
375.2,0.1553631913146337
375.3,0.15518915435439948
375.4,0.15501531228030926
375.5,0.1548416648743838
375.6,0.15466821191888624
375.7,0.1544949531963229
375.8,0.15432188848944184
375.9,0.1541490175812338
376.0,0.15397634025493073
376.1,0.15380385629400678
376.2,0.15363156548217666
376.3,0.1534594676033968
376.4,0.15328756244186376
376.5,0.1531158497820151
376.6,0.15294432940852812
376.7,0.1527730011063206
376.8,0.15260186466054942
376.9,0.1524309198566115
377.0,0.15226016648014234
377.1,0.15208960431701693
377.2,0.1519192331533482
377.3,0.15174905277548822
377.4,0.15157906297002646
377.5,0.1514092635237909
377.6,0.15123965422384641
377.7,0.15107023485749588
377.8,0.15090100521227867
377.9,0.15073196507597147
378.0,0.150563114236587
378.1,0.15039445248237474
378.2,0.15022597960181974
378.3,0.1500576953836433
378.4,0.14988959961680168
378.5,0.1497216920904869
378.6,0.14955397259412556
378.7,0.1493864409173793
378.8,0.1492190968501439
378.9,0.14905194018254972
379.0,0.14888497070496065
379.1,0.14871818820797478
379.2,0.14855159248242306
379.3,0.14838518331937015
379.4,0.14821896051011318
379.5,0.1480529238461824
379.6,0.14788707311933993
379.7,0.1477214081215806
379.8,0.14755592864513065
379.9,0.14739063448244835
380.0,0.14722552542622305
380.1,0.14706060126937548
380.2,0.14689586180505698
380.3,0.14673130682664984
380.4,0.14656693612776628
380.5,0.14640274950224919
380.6,0.14623874674417067
380.7,0.14607492764783309
380.8,0.1459112920077676
380.9,0.14574783961873486
381.0,0.14558457027572405
381.1,0.1454214837739533
381.2,0.14525857990886867
381.3,0.14509585847614478
381.4,0.14493331927168354
381.5,0.14477096209161502
381.6,0.14460878673229607
381.7,0.1444467929903112
381.8,0.1442849806624713
381.9,0.14412334954581388
382.0,0.14396189943760312
382.1,0.14380063013532887
382.2,0.14363954143670726
382.3,0.14347863313967946
382.4,0.14331790504241257
382.5,0.1431573569432982
382.6,0.1429969886409534
382.7,0.14283679993421916
382.8,0.14267679062216146
382.9,0.14251696050406984
383.0,0.14235730937945812
383.1,0.14219783704806327
383.2,0.14203854330984614
383.3,0.14187942796499015
383.4,0.14172049081390212
383.5,0.14156173165721092
383.6,0.14140315029576836
383.7,0.14124474653064786
383.8,0.1410865201631452
383.9,0.1409284709947773
384.0,0.140770598827283
384.1,0.14061290346262173
384.2,0.14045538470297436
384.3,0.14029804235074195
384.4,0.1401408762085464
384.5,0.13998388607922932
384.6,0.13982707176585274
384.7,0.13967043307169794
384.8,0.139513969800266
384.9,0.13935768175527685
385.0,0.13920156874066977
385.1,0.13904563056060232
385.2,0.138889867019451
385.3,0.13873427792181006
385.4,0.13857886307249223
385.5,0.13842362227652752
385.6,0.13826855533916393
385.7,0.13811366206586626
385.8,0.13795894226231672
385.9,0.13780439573441397
386.0,0.1376500222882736
386.1,0.13749582173022715
386.2,0.1373417938668226
386.3,0.13718793850482333
386.4,0.13703425545120876
386.5,0.13688074451317325
386.6,0.1367274054981267
386.7,0.13657423821369347
386.8,0.13642124246771298
386.9,0.1362684180682386
387.0,0.1361157648235384
387.1,0.13596328254209383
387.2,0.1358109710326006
387.3,0.1356588301039673
387.4,0.13550685956531625
387.5,0.13535505922598234
387.6,0.1352034288955137
387.7,0.1350519683836704
387.8,0.13490067750042534
387.9,0.13474955605596295
388.0,0.13459860386068004
388.1,0.13444782072518444
388.2,0.1342972064602958
388.3,0.13414676087704447
388.4,0.13399648378667212
388.5,0.13384637500063054
388.6,0.13369643433058248
388.7,0.13354666158840042
388.8,0.13339705658616716
388.9,0.1332476191361748
389.0,0.1330983490509254
389.1,0.1329492461431298
389.2,0.13280031022570832
389.3,0.13265154111178962
389.4,0.1325029386147113
389.5,0.13235450254801895
389.6,0.13220623272546667
389.7,0.13205812896101593
389.8,0.13191019106883634
389.9,0.13176241886330442
390.0,0.1316148121590044
390.1,0.13146737077072687
390.2,0.13132009451346977
390.3,0.1311729832024369
390.4,0.1310260366530389
390.5,0.13087925468089193
390.6,0.13073263710181846
390.7,0.130586183731846
390.8,0.13043989438720796
390.9,0.13029376888434238
391.0,0.13014780703989262
391.1,0.1300020086707064
391.2,0.12985637359383592
391.3,0.1297109016265379
391.4,0.1295655925862725
391.5,0.1294204462907043
391.6,0.12927546255770084
391.7,0.1291306412053334
391.8,0.128985982051876
391.9,0.12884148491580588
392.0,0.12869714961580253
392.1,0.1285529759707483
392.2,0.12840896379972724
392.3,0.12826511292202586
392.4,0.12812142315713196
392.5,0.12797789432473528
392.6,0.1278345262447264
392.7,0.12769131873719755
392.8,0.12754827162244117
392.9,0.12740538472095092
393.0,0.12726265785342034
393.1,0.12712009084074366
393.2,0.1269776835040146
393.3,0.12683543566452704
393.4,0.126693347143774
393.5,0.1265514177634482
393.6,0.126409647345441
393.7,0.12626803571184309
393.8,0.12612658268494328
393.9,0.12598528808722934
394.0,0.12584415174138674
394.1,0.12570317347029938
394.2,0.1255623530970485
394.3,0.12542169044491328
394.4,0.1252811853373698
394.5,0.12514083759809166
394.6,0.125000647050949
394.7,0.12486061352000896
394.8,0.12472073682953472
394.9,0.12458101680398613
395.0,0.12444145326801868
395.1,0.12430204604648398
395.2,0.12416279496442884
395.3,0.12402369984709591
395.4,0.12388476051992246
395.5,0.12374597680854123
395.6,0.12360734853877914
395.7,0.12346887553665807
395.8,0.12333055762839384
395.9,0.12319239464039664
396.0,0.12305438639927015
396.1,0.12291653273181208
396.2,0.1227788334650132
396.3,0.12264128842605786
396.4,0.12250389744232296
396.5,0.12236666034137869
396.6,0.1222295769509873
396.7,0.12209264709910385
396.8,0.1219558706138751
396.9,0.12181924732364019
397.0,0.1216827770569295
397.1,0.12154645964246542
397.2,0.12141029490916115
397.3,0.12127428268612137
397.4,0.12113842280264124
397.5,0.12100271508820694
397.6,0.12086715937249477
397.7,0.12073175548537161
397.8,0.12059650325689394
397.9,0.12046140251730851
398.0,0.1203264530970512
398.1,0.12019165482674773
398.2,0.12005700753721256
398.3,0.11992251105944957
398.4,0.11978816522465094
398.5,0.11965396986419785
398.6,0.1195199248096594
398.7,0.11938602989279319
398.8,0.11925228494554438
398.9,0.11911868980004627
399.0,0.11898524428861922
399.1,0.11885194824377128
399.2,0.11871880149819725
399.3,0.11858580388477914
399.4,0.11845295523658532
399.5,0.11832025538687094
399.6,0.11818770416907705
399.7,0.1180553014168312
399.8,0.1179230469639463
399.9,0.1177909406444214
400.0,0.11765898229244047
400.1,0.11752717174237325
400.2,0.11739550882877396
400.3,0.11726399338638219
400.4,0.11713262525012169
400.5,0.11700140425510075
400.6,0.1168703302366121
400.7,0.11673940303013206
400.8,0.11660862247132119
400.9,0.11647798839602325
401.0,0.1163475006402657
401.1,0.11621715904025891
401.2,0.11608696343239651
401.3,0.11595691365325461
401.4,0.11582700953959227
401.5,0.11569725092835047
401.6,0.11556763765665279
401.7,0.11543816956180444
401.8,0.1153088464812927
401.9,0.11517966825278608
402.0,0.11505063471413486
402.1,0.11492174570337
402.2,0.11479300105870394
402.3,0.11466440061852937
402.4,0.11453594422142
402.5,0.1144076317061295
402.6,0.11427946291159208
402.7,0.11415143767692151
402.8,0.11402355584141172
402.9,0.11389581724453582
403.0,0.11376822172594665
403.1,0.11364076912547585
403.2,0.11351345928313437
403.3,0.11338629203911155
403.4,0.1132592672337757
403.5,0.1131323847076731
403.6,0.1130056443015286
403.7,0.11287904585624457
403.8,0.11275258921290163
403.9,0.1126262742127575
404.0,0.11250010069724778
404.1,0.11237406850798475
404.2,0.1122481774867581
404.3,0.11212242747553394
404.4,0.11199681831645533
404.5,0.11187134985184141
404.6,0.11174602192418781
404.7,0.11162083437616581
404.8,0.1114957870506229
404.9,0.11137087979058177
405.0,0.11124611243924099
405.1,0.11112148483997386
405.2,0.11099699683632919
405.3,0.11087264827203015
405.4,0.11074843899097497
405.5,0.110624368837236
405.6,0.11050043765506015
405.7,0.11037664528886802
405.8,0.11025299158325451
405.9,0.1101294763829877
406.0,0.11000609953300965
406.1,0.10988286087843524
406.2,0.1097597602645529
406.3,0.10963679753682351
406.4,0.10951397254088108
406.5,0.1093912851225317
406.6,0.10926873512775426
406.7,0.10914632240269935
406.8,0.10902404679368985
406.9,0.10890190814722008
407.0,0.10877990630995628
407.1,0.10865804112873564
407.2,0.10853631245056694
407.3,0.10841472012262957
407.4,0.10829326399227412
407.5,0.10817194390702135
407.6,0.1080507597145629
407.7,0.10792971126276016
407.8,0.10780879839964505
407.9,0.10768802097341891
408.0,0.10756737883245308
408.1,0.10744687182528805
408.2,0.107326499800634
408.3,0.10720626260736976
408.4,0.10708616009454348
408.5,0.10696619211137169
408.6,0.10684635850723977
408.7,0.10672665913170111
408.8,0.10660709383447761
408.9,0.10648766246545883
409.0,0.10636836487470239
409.1,0.10624920091243324
409.2,0.10613017042904403
409.3,0.10601127327509433
409.4,0.10589250930131107
409.5,0.10577387835858774
409.6,0.10565538029798478
409.7,0.10553701497072894
409.8,0.10541878222821313
409.9,0.10530068192199679
410.0,0.10518271390380485
410.1,0.10506487802552837
410.2,0.1049471741392236
410.3,0.10482960209711255
410.4,0.10471216175158203
410.5,0.10459485295518424
410.6,0.10447767556063588
410.7,0.10436062942081857
410.8,0.1042437143887781
410.9,0.10412693031772488
411.0,0.10401027706103304
411.1,0.10389375447224099
411.2,0.1037773624050505
411.3,0.10366110071332728
411.4,0.10354496925110003
411.5,0.10342896787256094
411.6,0.10331309643206495
411.7,0.10319735478413006
411.8,0.10308174278343665
411.9,0.10296626028482789
412.0,0.1028509071433088
412.1,0.10273568321404697
412.2,0.10262058835237148
412.3,0.1025056224137735
412.4,0.10239078525390542
412.5,0.10227607672858138
412.6,0.10216149669377636
412.7,0.10204704500562665
412.8,0.10193272152042909
412.9,0.10181852609464154
413.0,0.10170445858488193
413.1,0.10159051884792894
413.2,0.10147670674072089
413.3,0.10136302212035654
413.4,0.10124946484409396
413.5,0.10113603476935121
413.6,0.10102273175370541
413.7,0.10090955565489329
413.8,0.10079650633081019
413.9,0.10068358363951085
414.0,0.10057078743920816
414.1,0.10045811758827408
414.2,0.10034557394523846
414.3,0.1002331563687897
414.4,0.10012086471777383
414.5,0.10000869885119514
414.6,0.0998966586282151
414.7,0.09978474390815308
414.8,0.09967295455048537
414.9,0.09956129041484574
415.0,0.09944975136102456
415.1,0.09933833724896934
415.2,0.09922704793878379
415.3,0.09911588329072842
415.4,0.09900484316521961
415.5,0.09889392742283029
415.6,0.09878313592428878
415.7,0.09867246853047958
415.8,0.09856192510244233
415.9,0.09845150550137245
416.0,0.09834120958862022
416.1,0.0982310372256913
416.2,0.09812098827424583
416.3,0.09801106259609906
416.4,0.09790126005322031
416.5,0.09779158050773368
416.6,0.09768202382191711
416.7,0.09757258985820277
416.8,0.09746327847917649
416.9,0.09735408954757797
417.0,0.09724502292630009
417.1,0.09713607847838943
417.2,0.09702725606704533
417.3,0.09691855555562051
417.4,0.09680997680762005
417.5,0.09670151968670211
417.6,0.09659318405667694
417.7,0.09648496978150743
417.8,0.09637687672530827
417.9,0.09626890475234642
418.0,0.09616105372704033
418.1,0.09605332351396031
418.2,0.09594571397782795
418.3,0.09583822498351632
418.4,0.09573085639604934
418.5,0.09562360808060218
418.6,0.09551647990250046
418.7,0.09540947172722075
418.8,0.09530258342038972
418.9,0.09519581484778465
419.0,0.09508916587533271
419.1,0.09498263636911097
419.2,0.09487622619534651
419.3,0.09476993522041574
419.4,0.09466376331084479
419.5,0.09455771033330879
419.6,0.09445177615463224
419.7,0.0943459606417883
419.8,0.09424026366189919
419.9,0.09413468508223545
420.0,0.09402922477021641
420.1,0.0939238825934093
420.2,0.0938186584195298
420.3,0.09371355211644122
420.4,0.09360856355215505
420.5,0.09350369259482993
420.6,0.09339893911277236
420.7,0.09329430297443589
420.8,0.09318978404842135
420.9,0.09308538220347631
421.0,0.09298109730849546
421.1,0.09287692923251975
421.2,0.09277287784473705
421.3,0.09266894301448102
421.4,0.09256512461123197
421.5,0.09246142250461577
421.6,0.09235783656440444
421.7,0.09225436666051538
421.8,0.0921510126630118
421.9,0.09204777444210184
422.0,0.09194465186813926
422.1,0.0918416448116224
422.2,0.09173875314319484
422.3,0.09163597673364447
422.4,0.0915333154539041
422.5,0.0914307691750505
422.6,0.09132833776830501
422.7,0.0912260211050327
422.8,0.09112381905674283
422.9,0.09102173149508802
423.0,0.09091975829186484
423.1,0.09081789931901295
423.2,0.09071615444861544
423.3,0.09061452355289837
423.4,0.09051300650423086
423.5,0.09041160317512455
423.6,0.09031031343823404
423.7,0.09020913716635592
423.8,0.0901080742324296
423.9,0.0900071245095361
424.0,0.08990628787089884
424.1,0.08980556418988267
424.2,0.08970495333999451
424.3,0.08960445519488232
424.4,0.08950406962833585
424.5,0.08940379651428558
424.6,0.08930363572680347
424.7,0.0892035871401019
424.8,0.08910365062853438
424.9,0.08900382606659459
425.0,0.08890411332891694
425.1,0.08880451229027578
425.2,0.08870502282558583
425.3,0.08860564480990145
425.4,0.08850637811841704
425.5,0.08840722262646636
425.6,0.0883081782095229
425.7,0.08820924474319916
425.8,0.08811042210324707
425.9,0.08801171016555732
426.0,0.08791310880615964
426.1,0.08781461790122223
426.2,0.08771623732705204
426.3,0.08761796696009419
426.4,0.0875198066769322
426.5,0.08742175635428748
426.6,0.08732381586901956
426.7,0.08722598509812549
426.8,0.08712826391874016
426.9,0.08703065220813569
427.0,0.08693314984372172
427.1,0.08683575670304482
427.2,0.08673847266378876
427.3,0.08664129760377387
427.4,0.08654423140095756
427.5,0.08644727393343336
427.6,0.08635042507943153
427.7,0.08625368471731829
427.8,0.08615705272559614
427.9,0.08606052898290333
428.0,0.08596411336801407
428.1,0.08586780575983802
428.2,0.08577160603742047
428.3,0.08567551407994192
428.4,0.085579529766718
428.5,0.08548365297719956
428.6,0.08538788359097203
428.7,0.0852922214877559
428.8,0.08519666654740589
428.9,0.08510121864991144
429.0,0.08500587767539595
429.1,0.08491064350411728
429.2,0.08481551601646693
429.3,0.08472049509297047
429.4,0.08462558061428696
429.5,0.08453077246120917
429.6,0.084436070514663
429.7,0.08434147465570786
429.8,0.0842469847655359
429.9,0.08415260072547259
430.0,0.08405832241697578
430.1,0.0839641497216363
430.2,0.08387008252117713
430.3,0.08377612069745391
430.4,0.0836822641324542
430.5,0.08358851270829783
430.6,0.08349486630723622
430.7,0.08340132481165294
430.8,0.08330788810406276
430.9,0.08321455606711219
431.0,0.08312132858357882
431.1,0.08302820553637166
431.2,0.08293518680853042
431.3,0.082842272283226
431.4,0.08274946184375971
431.5,0.0826567553735637
431.6,0.08256415275620033
431.7,0.08247165387536246
431.8,0.0823792586148728
431.9,0.08228696685868446
432.0,0.0821947784908799
432.1,0.08210269339567176
432.2,0.08201071145740187
432.3,0.08191883256054174
432.4,0.0818270565896919
432.5,0.0817353834295823
432.6,0.08164381296507155
432.7,0.08155234508114738
432.8,0.08146097966292595
432.9,0.08136971659565226
433.0,0.08127855576469942
433.1,0.08118749705556907
433.2,0.08109654035389073
433.3,0.08100568554542213
433.4,0.08091493251604856
433.5,0.08082428115178333
433.6,0.08073373133876698
433.7,0.0806432829632677
433.8,0.08055293591168074
433.9,0.08046269007052871
434.0,0.08037254532646093
434.1,0.08028250156625381
434.2,0.08019255867681024
434.3,0.08010271654515987
434.4,0.08001297505845854
434.5,0.07992333410398864
434.6,0.07983379356915836
434.7,0.07974435334150223
434.8,0.07965501330868033
434.9,0.0795657733584787
435.0,0.07947663337880867
435.1,0.07938759325770735
435.2,0.07929865288333679
435.3,0.0792098121439845
435.4,0.0791210709280627
435.5,0.07903242912410877
435.6,0.07894388662078457
435.7,0.0788554433068768
435.8,0.07876709907129635
435.9,0.07867885380307868
436.0,0.07859070739138317
436.1,0.07850265972549351
436.2,0.07841471069481704
436.3,0.07832686018888506
436.4,0.07823910809735232
436.5,0.07815145430999723
436.6,0.07806389871672133
436.7,0.07797644120754965
436.8,0.07788908167262998
436.9,0.07780182000223335
437.0,0.07771465608675328
437.1,0.07762758981670627
437.2,0.07754062108273103
437.3,0.07745374977558893
437.4,0.07736697578616335
437.5,0.07728029900546003
437.6,0.07719371932460649
437.7,0.07710723663485208
437.8,0.07702085082756807
437.9,0.07693456179424704
438.0,0.07684836942650325
438.1,0.07676227361607198
438.2,0.07667627425480997
438.3,0.07659037123469471
438.4,0.07650456444782484
438.5,0.07641885378641952
438.6,0.07633323914281874
438.7,0.07624772040948276
438.8,0.07616229747899243
438.9,0.07607697024404861
439.0,0.07599173859747242
439.1,0.07590660243220475
439.2,0.07582156164130649
439.3,0.07573661611795802
439.4,0.07565176575545952
439.5,0.07556701044723028
439.6,0.07548235008680919
439.7,0.07539778456785395
439.8,0.07531331378414165
439.9,0.07522893762956788
440.0,0.07514465599814732
440.1,0.07506046878401301
440.2,0.07497637588141667
440.3,0.0748923771847282
440.4,0.07480847258843591
440.5,0.07472466198714599
440.6,0.07464094527558279
440.7,0.07455732234858828
440.8,0.07447379310112236
440.9,0.07439035742826221
441.0,0.07430701522520276
441.1,0.07422376638725593
441.2,0.07414061080985108
441.3,0.07405754838853437
441.4,0.07397457901896909
441.5,0.07389170259693507
441.6,0.07380891901832907
441.7,0.07372622817916405
441.8,0.07364362997556967
441.9,0.07356112430379154
442.0,0.0734787110601917
442.1,0.0733963901412479
442.2,0.073314161443554
442.3,0.0732320248638194
442.4,0.07314998029886931
442.5,0.07306802764564417
442.6,0.07298616680120007
442.7,0.07290439766270801
442.8,0.07282272012745436
442.9,0.0727411340928402
443.0,0.07265963945638172
443.1,0.07257823611570954
443.2,0.07249692396856913
443.3,0.07241570291282012
443.4,0.07233457284643678
443.5,0.07225353366750725
443.6,0.07217258527423408
443.7,0.0720917275649334
443.8,0.07201096043803551
443.9,0.07193028379208409
444.0,0.07184969752573664
444.1,0.07176920153776384
444.2,0.07168879572704993
444.3,0.07160847999259211
444.4,0.0715282542335008
444.5,0.07144811834899921
444.6,0.07136807223842352
444.7,0.07128811580122235
444.8,0.07120824893695714
444.9,0.07112847154530148
445.0,0.07104878352604153
445.1,0.07096918477907536
445.2,0.07088967520441333
445.3,0.0708102547021775
445.4,0.07073092317260196
445.5,0.0706516805160322
445.6,0.07057252663292554
445.7,0.07049346142385046
445.8,0.070414484789487
445.9,0.07033559663062611
446.0,0.07025679684817003
446.1,0.0701780853431317
446.2,0.07009946201663511
446.3,0.07002092676991467
446.4,0.06994247950431559
446.5,0.06986412012129325
446.6,0.06978584852241364
446.7,0.06970766460935261
446.8,0.06962956828389638
446.9,0.0695515594479409
447.0,0.06947363800349195
447.1,0.06939580385266515
447.2,0.06931805689768548
447.3,0.06924039704088761
447.4,0.06916282418471528
447.5,0.06908533823172168
447.6,0.06900793908456884
447.7,0.06893062664602799
447.8,0.06885340081897896
447.9,0.06877626150641056
448.0,0.06869920861141988
448.1,0.06862224203721282
448.2,0.06854536168710333
448.3,0.06846856746451384
448.4,0.06839185927297467
448.5,0.06831523701612437
448.6,0.06823870059770908
448.7,0.06816224992158297
448.8,0.06808588489170758
448.9,0.06800960541215223
449.0,0.06793341138709333
449.1,0.06785730272081483
449.2,0.0677812793177076
449.3,0.06770534108226976
449.4,0.06762948791910608
449.5,0.06755371973292842
449.6,0.067478036428555
449.7,0.0674024379109109
449.8,0.06732692408502731
449.9,0.06725149485604204
450.0,0.06717615012919884
450.1,0.06710088980984776
450.2,0.06702571380344456
450.3,0.06695062201555109
450.4,0.0668756143518347
450.5,0.06680069071806856
450.6,0.0667258510201311
450.7,0.0666510951640063
450.8,0.06657642305578322
450.9,0.06650183460165628
451.0,0.06642732970792461
451.1,0.06635290828099258
451.2,0.06627857022736901
451.3,0.06620431545366764
451.4,0.06613014386660654
451.5,0.06605605537300845
451.6,0.06598204987980014
451.7,0.06590812729401284
451.8,0.06583428752278166
451.9,0.06576053047334582
452.0,0.06568685605304823
452.1,0.06561326416933573
452.2,0.06553975472975851
452.3,0.06546632764197056
452.4,0.06539298281372899
452.5,0.06531972015289439
452.6,0.06524653956743025
452.7,0.06517344096540341
452.8,0.06510042425498332
452.9,0.06502748934444251
453.0,0.06495463614215594
453.1,0.06488186455660139
453.2,0.06480917449635891
453.3,0.06473656587011106
453.4,0.06466403858664244
453.5,0.06459159255484
453.6,0.06451922768369245
453.7,0.06444694388229062
453.8,0.0643747410598269
453.9,0.06430261912559558
454.0,0.06423057798899223
454.1,0.06415861755951413
454.2,0.06408673774675963
454.3,0.06401493846042851
454.4,0.06394321961032144
454.5,0.0638715811063403
454.6,0.06380002285848756
454.7,0.06372854477686675
454.8,0.06365714677168179
454.9,0.06358582875323732
455.0,0.06351459063193822
455.1,0.0634434323182899
455.2,0.06337235372289772
455.3,0.06330135475646737
455.4,0.06323043532980425
455.5,0.06315959535381388
455.6,0.06308883473950129
455.7,0.06301815339797139
455.8,0.06294755124042835
455.9,0.06287702817817602
456.0,0.06280658412261728
456.1,0.0627362189852545
456.2,0.06266593267768888
456.3,0.06259572511162068
456.4,0.06252559619884908
456.5,0.06245554585127189
456.6,0.0623855739808857
456.7,0.06231568049978546
456.8,0.062245865320164746
456.9,0.0621761283543152
457.0,0.06210646951462691
457.1,0.062036888713587826
457.2,0.06196738586378408
457.3,0.06189796087789947
457.4,0.061828613668715775
457.5,0.061759344149112196
457.6,0.0616901522320657
457.7,0.06162103783065047
457.8,0.06155200085803823
457.9,0.061483041227497696
458.0,0.0614141588523949
458.1,0.06134535364619269
458.2,0.061276625522450966
458.3,0.06120797439482624
458.4,0.061139400177071895
458.5,0.06107090278303765
458.6,0.06100248212666992
458.7,0.06093413812201124
458.8,0.0608658706832006
458.9,0.06079767972447291
459.0,0.06072956516015932
459.1,0.0606615269046867
459.2,0.06059356487257792
459.3,0.06052567897845136
459.4,0.0604578691370212
459.5,0.060390135263096896
459.6,0.060322477271583505
459.7,0.06025489507748116
459.8,0.06018738859588536
459.9,0.06011995774198647
460.0,0.06005260243106998
460.1,0.059985322578516104
460.2,0.05991811809979994
460.3,0.059850988910491044
460.4,0.059783934926253716
460.5,0.05971695606284646
460.6,0.05965005223612233
460.7,0.059583223362028384
460.8,0.059516469356606004
460.9,0.059449790135990346
461.0,0.0593831856164107
461.1,0.05931665571418993
461.2,0.05925020034574483
461.3,0.05918381942758553
461.4,0.05911751287631587
461.5,0.059051280608632864
461.6,0.05898512254132701
461.7,0.05891903859128176
461.8,0.05885302867547382
461.9,0.05878709271097268
462.0,0.058721230614940896
462.1,0.05865544230463353
462.2,0.05858972769739854
462.3,0.0585240867106762
462.4,0.05845851926199946
462.5,0.058393025268993363
462.6,0.05832760464937543
462.7,0.05826225732095507
462.8,0.05819698320163398
462.9,0.05813178220940554
463.0,0.05806665426235516
463.1,0.05800159927865977
463.2,0.057936617176588136
463.3,0.05787170787450033
463.4,0.05780687129084801
463.5,0.057742107344173996
463.6,0.057677415953112494
463.7,0.05761279703638859
463.8,0.05754825051281863
463.9,0.05748377630130963
464.0,0.05741937432085959
464.1,0.057355044490557054
464.2,0.05729078672958135
464.3,0.05722660095720207
464.4,0.05716248709277947
464.5,0.057098445055763836
464.6,0.05703447476569587
464.7,0.05697057614220619
464.8,0.056906749105015586
464.9,0.056842993573934526
465.0,0.0567793094688635
465.1,0.05671569670979248
465.2,0.05665215521680122
465.3,0.056588684910058765
465.4,0.056525285709823764
465.5,0.056461957536444
465.6,0.05639870031035644
465.7,0.0563355139520873
465.8,0.05627239838225157
465.9,0.05620935352155338
466.0,0.05614637929078539
466.1,0.056083475610829193
466.2,0.05602064240265475
466.3,0.055957879587320764
466.4,0.05589518708597408
466.5,0.055832564819850064
466.6,0.055770012710272085
466.7,0.05570753067865181
466.8,0.05564511864648869
466.9,0.05558277653537031
467.0,0.05552050426697182
467.1,0.05545830176305631
467.2,0.05539616894547426
467.3,0.055334105736163874
467.4,0.05527211205715056
467.5,0.05521018783054723
467.6,0.05514833297855383
467.7,0.055086547423457616
467.8,0.055024831087632675
467.9,0.054963183893540206
468.0,0.05490160576372804
468.1,0.05484009662083096
468.2,0.05477865638757013
468.3,0.05471728498675351
468.4,0.054655982341275264
468.5,0.0545947483741161
468.6,0.05453358300834279
468.7,0.05447248616710843
468.8,0.05441145777365199
468.9,0.05435049775129861
469.0,0.05428960602345905
469.1,0.05422878251363007
469.2,0.05416802714539388
469.3,0.05410733984241847
469.4,0.05404672052845712
469.5,0.053986169127348674
469.6,0.05392568556301706
469.7,0.053865269759471604
469.8,0.05380492164080654
469.9,0.05374464113120128
470.0,0.05368442815491996
470.1,0.05362428263631172
470.2,0.053564204499810225
470.3,0.05350419366993392
470.4,0.05344425007128565
470.5,0.05338437362855282
470.6,0.053324564266507
470.7,0.053264821910004215
470.8,0.05320514648398443
470.9,0.05314553791347185
471.0,0.053085996123574467
471.1,0.05302652103948431
471.2,0.05296711258647701
471.3,0.05290777068991205
471.4,0.052848495275232325
471.5,0.0527892862679644
471.6,0.05273014359371806
471.7,0.052671067178186565
471.8,0.052612056947146206
471.9,0.052553112826456604
472.0,0.05249423474206019
472.1,0.052435422619982526
472.2,0.052376676386331825
472.3,0.05231799596729923
472.4,0.05225938128915837
472.5,0.052200832278265615
472.6,0.0521423488610596
472.7,0.052083930964061546
472.8,0.05202557851387478
472.9,0.051967291437184975
473.0,0.05190906966075976
473.1,0.05185091311144894
473.2,0.05179282171618403
473.3,0.05173479540197862
473.4,0.05167683409592777
473.5,0.05161893772520845
473.6,0.05156110621707892
473.7,0.05150333949887915
473.8,0.05144563749803026
473.9,0.05138800014203483
474.0,0.05133042735847647
474.1,0.05127291907502005
474.2,0.05121547521941128
474.3,0.05115809571947695
474.4,0.051100780503124485
474.5,0.051043529498342274
474.6,0.050986342633199115
474.7,0.050929219835844565
474.8,0.050872161034508534
474.9,0.05081516615750125
475.0,0.05075823513321342
475.1,0.05070136789011571
475.2,0.050644564356759104
475.3,0.05058782446177443
475.4,0.050531148133872585
475.5,0.05047453530184417
475.6,0.05041798589455967
475.7,0.050361499840969055
475.8,0.050305077070102074
475.9,0.05024871751106773
476.0,0.05019242109305464
476.1,0.050136187745330525
476.2,0.05008001739724248
476.3,0.05002390997821657
476.4,0.04996786541775807
476.5,0.04991188364545102
476.6,0.0498559645909585
476.7,0.04980010818402217
476.8,0.04974431435446257
476.9,0.04968858303217865
477.0,0.04963291414714802
477.1,0.049577307629426595
477.2,0.04952176340914874
477.3,0.04946628141652687
477.4,0.049410861581851824
477.5,0.04935550383549224
477.6,0.04930020810789495
477.7,0.049244974329584516
477.8,0.04918980243116347
477.9,0.04913469234331188
478.0,0.04907964399678762
478.1,0.04902465732242597
478.2,0.048969732251139805
478.3,0.04891486871391921
478.4,0.04886006664183173
478.5,0.04880532596602195
478.6,0.04875064661771171
478.7,0.04869602852819973
478.8,0.048641471628861836
478.9,0.04858697585115056
479.0,0.04853254112659531
479.1,0.048478167386802065
479.2,0.04842385456345356
479.3,0.048369602588308844
479.4,0.04831541139320359
479.5,0.048261280910049636
479.6,0.048207211070835226
479.7,0.04815320180762463
479.8,0.04809925305255835
479.9,0.04804536473785273
480.0,0.047991536795800205
480.1,0.04793776915876883
480.2,0.04788406175920262
480.3,0.04783041452962106
480.4,0.047776827402619376
480.5,0.04772330031086812
480.6,0.04766983318711342
480.7,0.04761642596417654
480.8,0.04756307857495417
480.9,0.04750979095241798
481.0,0.04745656302961488
481.1,0.047403394739666586
481.2,0.04735028601576987
481.3,0.0472972367911962
481.4,0.047244246999291896
481.5,0.04719131657347776
481.6,0.04713844544724939
481.7,0.04708563355417664
481.8,0.04703288082790392
481.9,0.04698018720214984
482.0,0.04692755261070737
482.1,0.046874976987443494
482.2,0.0468224602662994
482.3,0.046770002381290116
482.4,0.046717603266504704
482.5,0.04666526285610593
482.6,0.04661298108433042
482.7,0.046560757885488295
482.8,0.04650859319396342
482.9,0.046456486944213
483.0,0.04640443907076776
483.1,0.04635244950823165
483.2,0.046300518191281954
483.3,0.046248645054669024
483.4,0.04619683003321642
483.5,0.046145073061820516
483.6,0.04609337407545079
483.7,0.04604173300914939
483.8,0.045990149798031364
483.9,0.0459386243772843
484.0,0.04588715668216848
484.1,0.04583574664801663
484.2,0.04578439421023385
484.3,0.04573309930429776
484.4,0.045681861865758046
484.5,0.045630681830236754
484.6,0.045579559133427865
484.7,0.04552849371109755
484.8,0.04547748549908376
484.9,0.04542653443329645
485.0,0.04537564044971721
485.1,0.045324803484399497
485.2,0.04527402347346823
485.3,0.045223300353120006
485.4,0.04517263405962274
485.5,0.04512202452931587
485.6,0.04507147169861
485.7,0.04502097550398709
485.8,0.04497053588200008
485.9,0.04492015276927318
486.0,0.044869826102501335
486.1,0.044819555818450624
486.2,0.04476934185395776
486.3,0.04471918414593035
486.4,0.04466908263134653
486.5,0.04461903724725517
486.6,0.04456904793077547
486.7,0.044519114619097244
486.8,0.04446923724948047
486.9,0.04441941575925559
487.0,0.044369650085823026
487.1,0.04431994016665351
487.2,0.044270285939287654
487.3,0.044220687341336135
487.4,0.04417114431047942
487.5,0.044121656784467875
487.6,0.04407222470112145
487.7,0.04402284799832988
487.8,0.04397352661405236
487.9,0.043924260486317666
488.0,0.04387504955322385
488.1,0.04382589375293847
488.2,0.04377679302369814
488.3,0.04372774730380886
488.4,0.043678756531645525
488.5,0.04362982064565223
488.6,0.04358093958434187
488.7,0.04353211328629634
488.8,0.04348334169016617
488.9,0.04343462473467077
489.0,0.04338596235859805
489.1,0.04333735450080458
489.2,0.0432888011002153
489.3,0.043240302095823725
489.4,0.043191857426691495
489.5,0.043143467031948685
489.6,0.0430951308507934
489.7,0.04304684882249198
489.8,0.04299862088637867
489.9,0.042950446981855774
490.0,0.042902327048393314
490.1,0.04285426102552931
490.2,0.04280624885286931
490.3,0.04275829047008665
490.4,0.04271038581692213
490.5,0.04266253483318414
490.6,0.042614737458748365
490.7,0.04256699363355799
490.8,0.042519303297623295
490.9,0.042471666391021894
491.0,0.04242408285389842
491.1,0.042376552626464635
491.2,0.04232907564899914
491.3,0.0422816518618476
491.4,0.042234281205422296
491.5,0.04218696362020246
491.6,0.04213969904673379
491.7,0.04209248742562875
491.8,0.042045328697566164
491.9,0.04199822280329147
492.0,0.04195116968361628
492.1,0.0419041692794187
492.2,0.04185722153164286
492.3,0.04181032638129922
492.4,0.04176348376946416
492.5,0.041716693637280186
492.6,0.04166995592595559
492.7,0.04162327057676467
492.8,0.041576637531047345
492.9,0.04153005673020939
493.0,0.04148352811572205
493.1,0.04143705162912228
493.2,0.04139062721201237
493.3,0.041344254806060174
493.4,0.04129793435299877
493.5,0.04125166579462649
493.6,0.04120544907280696
493.7,0.041159284129468794
493.8,0.041113170906605795
493.9,0.04106710934627659
494.0,0.04102109939060482
494.1,0.040975140981778825
494.2,0.040929234062051886
494.3,0.04088337857374178
494.4,0.040837574459231
494.5,0.04079182166096652
494.6,0.04074612012145983
494.7,0.040700469783286744
494.8,0.04065487058908749
494.9,0.040609322481566415
495.0,0.04056382540349218
495.1,0.04051837929769743
495.2,0.040472984107078946
495.3,0.04042763977459737
495.4,0.040382346243277335
495.5,0.04033710345620716
495.6,0.04029191135653908
495.7,0.04024676988748884
495.8,0.040201678992335906
495.9,0.04015663861442319
496.0,0.04011164869715715
496.1,0.04006670918400753
496.2,0.040021820018507515
496.3,0.03997698114425341
496.4,0.03993219250490483
496.5,0.03988745404418436
496.6,0.039842765705877754
496.7,0.0397981274338336
496.8,0.0397535391719635
496.9,0.03970900086424178
497.0,0.03966451245470562
497.1,0.039620073887454754
497.2,0.0395756851066517
497.3,0.03953134605652133
497.4,0.03948705668135117
497.5,0.03944281692549099
497.6,0.03939862673335304
497.7,0.03935448604941167
497.8,0.039310394818203614
497.9,0.039266352984327554
498.0,0.03922236049244436
498.1,0.03917841728727677
498.2,0.03913452331360958
498.3,0.03909067851628927
498.4,0.03904688284022426
498.5,0.039003136230384525
498.6,0.038959438631801825
498.7,0.03891578998956935
498.8,0.03887219024884191
498.9,0.03882863935483566
499.0,0.0387851372528282
499.1,0.038741683888158324
499.2,0.03869827920622618
499.3,0.03865492315249292
499.4,0.038611615672480955
499.5,0.038568356711773555
499.6,0.03852514621601509
499.7,0.03848198413091066
499.8,0.038438870402226356
499.9,0.03839580497578884
500.0,0.03835278779748561
